2025017087,CSE101,A,2025-26
2019019915,CSE102,A1,2025-26
2019019915,CSE102,A2,2025-26
2018015002,CSE103,A,2025-26
2020012415,CSE104,A1,2025-26
2020012415,CSE104,A2,2025-26
2001011524,CSE105,A,2025-26
2014011203,CSE106,A1,2025-26
2014011203,CSE106,A2,2025-26
2019019915,CSE107,All,2025-26
2008011238,CSE108,A1,2025-26
2008011238,CSE108,A2,2025-26
2020019263,CSE109,A,2025-26
2025011749,CSE100,A1,2025-26
2025011749,CSE100,A2,2025-26
2007016344,CSE111,A,2025-26
2007016344,CSE112,A1,2025-26
2007016344,CSE112,A2,2025-26
2018015002,CSE113,All,2025-26
2009013966,CSE114,A1,2025-26
2009013966,CSE114,A2,2025-26
2019019915,CSE115,All,2025-26
2002019427,CSE116,A1,2025-26
2002019427,CSE116,A2,2025-26
2002019427,CSE117,A,2025-26
2004015928,CSE118,A1,2025-26
2004015928,CSE118,A2,2025-26
2012011977,CSE119,A,2025-26
2025011749,CSE110,A1,2025-26
2025011749,CSE110,A2,2025-26
2025011749,CSE121,A,2025-26
2012011977,CSE122,A1,2025-26
2012011977,CSE122,A2,2025-26
2015018630,CSE123,A,2025-26
2018015002,CSE124,A1,2025-26
2018015002,CSE124,A2,2025-26
2020012415,CSE125,A,2025-26
2004019678,CSE126,A1,2025-26
2004019678,CSE126,A2,2025-26
2015018630,CSE127,A,2025-26
2012011977,CSE128,A1,2025-26
2012011977,CSE128,A2,2025-26
2015018630,CSE129,A,2025-26
2004019678,CSE120,A1,2025-26
2004019678,CSE120,A2,2025-26
2008011238,CSE131,A,2025-26
2004015928,CSE132,A1,2025-26
2004015928,CSE132,A2,2025-26
2017016134,CSE133,A,2025-26
2002019427,CSE134,A1,2025-26
2002019427,CSE134,A2,2025-26
2025017087,CSE135,A,2025-26
2020012415,CSE136,A1,2025-26
2020012415,CSE136,A2,2025-26
2009013966,CSE137,All,2025-26
2011018289,CSE138,A1,2025-26
2011018289,CSE138,A2,2025-26
2025011749,CSE139,All,2025-26
2001011524,CSE130,A1,2025-26
2001011524,CSE130,A2,2025-26
2008011238,CSE141,A,2025-26
2016013794,CSE142,A1,2025-26
2016013794,CSE142,A2,2025-26
2016013794,CSE143,A,2025-26
2008011238,CSE144,A1,2025-26
2008011238,CSE144,A2,2025-26
2007016344,CSE145,A,2025-26
2004019678,CSE146,A1,2025-26
2004019678,CSE146,A2,2025-26
2020019263,CSE147,A,2025-26
2020019263,CSE148,A1,2025-26
2020019263,CSE148,A2,2025-26
2004015928,CSE149,All,2025-26
2001011524,CSE140,A1,2025-26
2001011524,CSE140,A2,2025-26
2004019678,CSE151,A,2025-26
2001011524,CSE152,A1,2025-26
2001011524,CSE152,A2,2025-26
2004019678,CSE153,A,2025-26
2018015002,CSE154,A1,2025-26
2018015002,CSE154,A2,2025-26
2018015002,CSE155,All,2025-26
2009013966,CSE156,A1,2025-26
2009013966,CSE156,A2,2025-26
2020019263,CSE157,All,2025-26
2020019263,CSE158,A1,2025-26
2020019263,CSE158,A2,2025-26
2015018630,CSE159,A,2025-26
2007016344,CSE150,A1,2025-26
2007016344,CSE150,A2,2025-26
2004019678,CSE161,A,2025-26
2020019263,CSE162,A1,2025-26
2020019263,CSE162,A2,2025-26
2014011203,CSE163,A,2025-26
2015018630,CSE164,A1,2025-26
2015018630,CSE164,A2,2025-26
2014027793,EEE101,A,2025-26
2015023105,EEE102,A1,2025-26
2015023105,EEE102,A2,2025-26
2023025469,EEE103,A,2025-26
2015028717,EEE104,A1,2025-26
2015028717,EEE104,A2,2025-26
2020022299,EEE105,A,2025-26
2024025822,EEE106,A1,2025-26
2024025822,EEE106,A2,2025-26
2001029086,EEE107,A,2025-26
2015028717,EEE108,A1,2025-26
2015028717,EEE108,A2,2025-26
2009022113,EEE109,A,2025-26
2024025822,EEE100,A1,2025-26
2024025822,EEE100,A2,2025-26
2001026453,EEE111,A,2025-26
2001029086,EEE112,A1,2025-26
2001029086,EEE112,A2,2025-26
2024025822,EEE113,A,2025-26
2023025469,EEE114,A1,2025-26
2023025469,EEE114,A2,2025-26
2020022299,EEE115,A,2025-26
2011026293,EEE116,A1,2025-26
2011026293,EEE116,A2,2025-26
2014027793,EEE117,A,2025-26
2017022300,EEE118,A1,2025-26
2017022300,EEE118,A2,2025-26
2020022299,EEE119,A,2025-26
2005029399,EEE110,A1,2025-26
2005029399,EEE110,A2,2025-26
2014027793,EEE121,A,2025-26
2012022259,EEE122,A1,2025-26
2012022259,EEE122,A2,2025-26
2004028581,EEE123,A,2025-26
2024025822,EEE124,A1,2025-26
2024025822,EEE124,A2,2025-26
2011026293,EEE125,A,2025-26
2020021322,EEE126,A1,2025-26
2020021322,EEE126,A2,2025-26
2015023105,EEE127,A,2025-26
2001026453,EEE128,A1,2025-26
2001026453,EEE128,A2,2025-26
2001026453,EEE129,A,2025-26
2017022300,EEE120,A1,2025-26
2017022300,EEE120,A2,2025-26
2004028581,EEE131,A,2025-26
2011026293,EEE132,A1,2025-26
2011026293,EEE132,A2,2025-26
2005027829,EEE133,A,2025-26
2014028550,EEE134,A1,2025-26
2014028550,EEE134,A2,2025-26
2014028550,EEE135,All,2025-26
2012022259,EEE136,A1,2025-26
2012022259,EEE136,A2,2025-26
2020021322,EEE137,A,2025-26
2004028581,EEE138,A1,2025-26
2004028581,EEE138,A2,2025-26
2007021629,EEE139,A,2025-26
2005027829,EEE130,A1,2025-26
2005027829,EEE130,A2,2025-26
2007021629,EEE141,A,2025-26
2024025822,EEE142,A1,2025-26
2024025822,EEE142,A2,2025-26
2004028581,EEE143,A,2025-26
2013025917,EEE144,A1,2025-26
2013025917,EEE144,A2,2025-26
2001024570,EEE145,A,2025-26
2005029399,EEE146,A1,2025-26
2005029399,EEE146,A2,2025-26
2015023105,EEE147,All,2025-26
2005029399,EEE148,A1,2025-26
2005029399,EEE148,A2,2025-26
2024025822,EEE149,A,2025-26
2024025822,EEE140,A1,2025-26
2024025822,EEE140,A2,2025-26
2013025917,EEE151,A,2025-26
2014028550,EEE152,A1,2025-26
2014028550,EEE152,A2,2025-26
2013025917,EEE153,A,2025-26
2017022300,EEE154,A1,2025-26
2017022300,EEE154,A2,2025-26
2009022113,EEE155,A,2025-26
2020021322,EEE156,A1,2025-26
2020021322,EEE156,A2,2025-26
2014027793,EEE157,All,2025-26
2020022299,EEE158,A1,2025-26
2020022299,EEE158,A2,2025-26
2001026453,EEE159,A,2025-26
2001026453,EEE150,A1,2025-26
2001026453,EEE150,A2,2025-26
2011026293,EEE161,A,2025-26
2001026453,EEE162,A1,2025-26
2001026453,EEE162,A2,2025-26
2020021322,EEE163,A,2025-26
2015028717,EEE164,A1,2025-26
2015028717,EEE164,A2,2025-26
2001051697,MATH101,A,2025-26
2005057458,MATH102,A1,2025-26
2005057458,MATH102,A2,2025-26
2001058702,MATH103,A,2025-26
2002054286,MATH104,A1,2025-26
2002054286,MATH104,A2,2025-26
2000057141,MATH105,A,2025-26
2018057865,MATH106,A1,2025-26
2018057865,MATH106,A2,2025-26
2001051697,MATH107,A,2025-26
2022054557,MATH108,A1,2025-26
2022054557,MATH108,A2,2025-26
2011056282,MATH109,All,2025-26
2003057433,MATH100,A1,2025-26
2003057433,MATH100,A2,2025-26
2000051897,MATH111,A,2025-26
2022051578,MATH112,A1,2025-26
2022051578,MATH112,A2,2025-26
2003059323,MATH113,A,2025-26
2001051697,MATH114,A1,2025-26
2001051697,MATH114,A2,2025-26
2001051697,MATH115,All,2025-26
2022054557,MATH116,A1,2025-26
2022054557,MATH116,A2,2025-26
2000057141,MATH117,A,2025-26
2011058460,MATH118,A1,2025-26
2011058460,MATH118,A2,2025-26
2018057865,MATH119,A,2025-26
2001058702,MATH110,A1,2025-26
2001058702,MATH110,A2,2025-26
2001058702,MATH121,All,2025-26
2000051897,MATH122,A1,2025-26
2000051897,MATH122,A2,2025-26
2000051897,MATH123,All,2025-26
2013054785,MATH124,A1,2025-26
2013054785,MATH124,A2,2025-26
2022054557,MATH125,All,2025-26
2018057865,MATH126,A1,2025-26
2018057865,MATH126,A2,2025-26
2005057458,MATH127,A,2025-26
2013054785,MATH128,A1,2025-26
2013054785,MATH128,A2,2025-26
2005057458,MATH129,A,2025-26
2010051687,MATH120,A1,2025-26
2010051687,MATH120,A2,2025-26
2000051897,MATH131,A,2025-26
2002054286,MATH132,A1,2025-26
2002054286,MATH132,A2,2025-26
2022054557,MATH133,A,2025-26
2002054286,MATH134,A1,2025-26
2002054286,MATH134,A2,2025-26
2003057433,MATH135,A,2025-26
2011058460,MATH136,A1,2025-26
2011058460,MATH136,A2,2025-26
2011056282,MATH137,All,2025-26
2003054759,MATH138,A1,2025-26
2003054759,MATH138,A2,2025-26
2025054176,MATH139,A,2025-26
2003059323,MATH130,A1,2025-26
2003059323,MATH130,A2,2025-26
2022051578,MATH141,A,2025-26
2000057141,MATH142,A1,2025-26
2000057141,MATH142,A2,2025-26
2022051578,MATH143,A,2025-26
2001051697,MATH144,A1,2025-26
2001051697,MATH144,A2,2025-26
2013054785,MATH145,A,2025-26
2022051578,MATH146,A1,2025-26
2022051578,MATH146,A2,2025-26
2001051697,MATH147,A,2025-26
2000057141,MATH148,A1,2025-26
2000057141,MATH148,A2,2025-26
2013054785,MATH149,A,2025-26
2005057458,MATH140,A1,2025-26
2005057458,MATH140,A2,2025-26
2002054286,MATH151,A,2025-26
2020058054,MATH152,A1,2025-26
2020058054,MATH152,A2,2025-26
2003054759,MATH153,A,2025-26
2020058054,MATH154,A1,2025-26
2020058054,MATH154,A2,2025-26
2005057458,MATH155,All,2025-26
2011058460,MATH156,A1,2025-26
2011058460,MATH156,A2,2025-26
2000057141,MATH157,All,2025-26
2025054176,MATH158,A1,2025-26
2025054176,MATH158,A2,2025-26
2025054176,MATH159,A,2025-26
2018057865,MATH150,A1,2025-26
2018057865,MATH150,A2,2025-26
2006053061,MATH161,All,2025-26
2006053061,MATH162,A1,2025-26
2006053061,MATH162,A2,2025-26
2006053061,MATH163,All,2025-26
2022054557,MATH164,A1,2025-26
2022054557,MATH164,A2,2025-26
2004066938,PHY101,A,2025-26
2014061699,PHY102,A1,2025-26
2014061699,PHY102,A2,2025-26
2016064889,PHY103,A,2025-26
2017068099,PHY104,A1,2025-26
2017068099,PHY104,A2,2025-26
2002067119,PHY105,A,2025-26
2000067547,PHY106,A1,2025-26
2000067547,PHY106,A2,2025-26
2017066376,PHY107,All,2025-26
2018063672,PHY108,A1,2025-26
2018063672,PHY108,A2,2025-26
2004066938,PHY109,A,2025-26
2004066938,PHY100,A1,2025-26
2004066938,PHY100,A2,2025-26
2014068899,PHY111,A,2025-26
2018063672,PHY112,A1,2025-26
2018063672,PHY112,A2,2025-26
2022064235,PHY113,All,2025-26
2022064235,PHY114,A1,2025-26
2022064235,PHY114,A2,2025-26
2003062812,PHY115,All,2025-26
2018063672,PHY116,A1,2025-26
2018063672,PHY116,A2,2025-26
2018063672,PHY117,A,2025-26
2014068899,PHY118,A1,2025-26
2014068899,PHY118,A2,2025-26
2002067119,PHY119,All,2025-26
2003062812,PHY110,A1,2025-26
2003062812,PHY110,A2,2025-26
2000067547,PHY121,A,2025-26
2024068666,PHY122,A1,2025-26
2024068666,PHY122,A2,2025-26
2014068899,PHY123,A,2025-26
2002067119,PHY124,A1,2025-26
2002067119,PHY124,A2,2025-26
2014068899,PHY125,All,2025-26
2003062812,PHY126,A1,2025-26
2003062812,PHY126,A2,2025-26
2013064884,PHY127,All,2025-26
2017066376,PHY128,A1,2025-26
2017066376,PHY128,A2,2025-26
2014068899,PHY129,All,2025-26
2006066838,PHY120,A1,2025-26
2006066838,PHY120,A2,2025-26
2005068365,PHY131,A,2025-26
2022064235,PHY132,A1,2025-26
2022064235,PHY132,A2,2025-26
2002067119,PHY133,A,2025-26
2004066938,PHY134,A1,2025-26
2004066938,PHY134,A2,2025-26
2006066838,PHY135,All,2025-26
2005068365,PHY136,A1,2025-26
2005068365,PHY136,A2,2025-26
2017068099,PHY137,All,2025-26
2025063474,PHY138,A1,2025-26
2025063474,PHY138,A2,2025-26
2022064235,PHY139,A,2025-26
2024068666,PHY130,A1,2025-26
2024068666,PHY130,A2,2025-26
2016064889,PHY141,A,2025-26
2024068666,PHY142,A1,2025-26
2024068666,PHY142,A2,2025-26
2016062741,PHY143,A,2025-26
2024068666,PHY144,A1,2025-26
2024068666,PHY144,A2,2025-26
2017066376,PHY145,A,2025-26
2014061699,PHY146,A1,2025-26
2014061699,PHY146,A2,2025-26
2016064889,PHY147,A,2025-26
2022064235,PHY148,A1,2025-26
2022064235,PHY148,A2,2025-26
2022064235,PHY149,A,2025-26
2004066938,PHY140,A1,2025-26
2004066938,PHY140,A2,2025-26
2015068097,PHY151,A,2025-26
2018063672,PHY152,A1,2025-26
2018063672,PHY152,A2,2025-26
2018063672,PHY153,A,2025-26
2022064235,PHY154,A1,2025-26
2022064235,PHY154,A2,2025-26
2004066938,PHY155,A,2025-26
2001069212,PHY156,A1,2025-26
2001069212,PHY156,A2,2025-26
2004066938,PHY157,A,2025-26
2014061699,PHY158,A1,2025-26
2014061699,PHY158,A2,2025-26
2005068365,PHY159,All,2025-26
2006066838,PHY150,A1,2025-26
2006066838,PHY150,A2,2025-26
2004066938,PHY161,A,2025-26
2000067547,PHY162,A1,2025-26
2000067547,PHY162,A2,2025-26
2025063474,PHY163,A,2025-26
2003062812,PHY164,A1,2025-26
2003062812,PHY164,A2,2025-26
2002108727,CE101,A,2025-26
2014103777,CE102,A1,2025-26
2014103777,CE102,A2,2025-26
2012103394,CE103,A,2025-26
2012102916,CE104,A1,2025-26
2012102916,CE104,A2,2025-26
2011108611,CE105,A,2025-26
2020106203,CE106,A1,2025-26
2020106203,CE106,A2,2025-26
2014103777,CE107,A,2025-26
2015101117,CE108,A1,2025-26
2015101117,CE108,A2,2025-26
2020101770,CE109,A,2025-26
2019104038,CE100,A1,2025-26
2019104038,CE100,A2,2025-26
2019104038,CE111,A,2025-26
2001102941,CE112,A1,2025-26
2001102941,CE112,A2,2025-26
2021109721,CE113,All,2025-26
2020101770,CE114,A1,2025-26
2020101770,CE114,A2,2025-26
2014103777,CE115,A,2025-26
2021107531,CE116,A1,2025-26
2021107531,CE116,A2,2025-26
2015101117,CE117,A,2025-26
2002108727,CE118,A1,2025-26
2002108727,CE118,A2,2025-26
2015101117,CE119,A,2025-26
2020101770,CE110,A1,2025-26
2020101770,CE110,A2,2025-26
2021107531,CE121,A,2025-26
2014103777,CE122,A1,2025-26
2014103777,CE122,A2,2025-26
2005105164,CE123,A,2025-26
2011108611,CE124,A1,2025-26
2011108611,CE124,A2,2025-26
2012102916,CE125,A,2025-26
2011108611,CE126,A1,2025-26
2011108611,CE126,A2,2025-26
2011108611,CE127,A,2025-26
2021107531,CE128,A1,2025-26
2021107531,CE128,A2,2025-26
2020101770,CE129,A,2025-26
2014103777,CE120,A1,2025-26
2014103777,CE120,A2,2025-26
2012103394,CE131,All,2025-26
2005103480,CE132,A1,2025-26
2005103480,CE132,A2,2025-26
2021107531,CE133,A,2025-26
2019104038,CE134,A1,2025-26
2019104038,CE134,A2,2025-26
2002108727,CE135,A,2025-26
2015103631,CE136,A1,2025-26
2015103631,CE136,A2,2025-26
2014103777,CE137,A,2025-26
2012102916,CE138,A1,2025-26
2012102916,CE138,A2,2025-26
2015101117,CE139,A,2025-26
2005103480,CE130,A1,2025-26
2005103480,CE130,A2,2025-26
2012102916,CE141,All,2025-26
2021109721,CE142,A1,2025-26
2021109721,CE142,A2,2025-26
2022101288,CE143,A,2025-26
2005103480,CE144,A1,2025-26
2005103480,CE144,A2,2025-26
2012102916,CE145,A,2025-26
2012102916,CE146,A1,2025-26
2012102916,CE146,A2,2025-26
2021109721,CE147,All,2025-26
2005103480,CE148,A1,2025-26
2005103480,CE148,A2,2025-26
2006109840,CE149,A,2025-26
2014103777,CE140,A1,2025-26
2014103777,CE140,A2,2025-26
2011108611,CE151,All,2025-26
2005103480,CE152,A1,2025-26
2005103480,CE152,A2,2025-26
2002106346,CE153,A,2025-26
2021107531,CE154,A1,2025-26
2021107531,CE154,A2,2025-26
2012105279,CE155,A,2025-26
2006104173,CE156,A1,2025-26
2006104173,CE156,A2,2025-26
2019104038,CE157,All,2025-26
2014103777,CE158,A1,2025-26
2014103777,CE158,A2,2025-26
2005105164,CE159,A,2025-26
2006109840,CE150,A1,2025-26
2006109840,CE150,A2,2025-26
2019104038,CE161,All,2025-26
2005103480,CE162,A1,2025-26
2005103480,CE162,A2,2025-26
2020101770,CE163,A,2025-26
2015103631,CE164,A1,2025-26
2015103631,CE164,A2,2025-26
2007032155,BME101,A,2025-26
2004038296,BME102,A1,2025-26
2004038296,BME102,A2,2025-26
2023033249,BME103,A,2025-26
2020038105,BME104,A1,2025-26
2020038105,BME104,A2,2025-26
2025034390,BME105,A,2025-26
2007032155,BME106,A1,2025-26
2007032155,BME106,A2,2025-26
2007032155,BME107,A,2025-26
2011036719,BME108,A1,2025-26
2011036719,BME108,A2,2025-26
2007034499,BME109,A,2025-26
2007032155,BME100,A1,2025-26
2007032155,BME100,A2,2025-26
2021037527,BME111,A,2025-26
2023039486,BME112,A1,2025-26
2023039486,BME112,A2,2025-26
2014034693,BME113,A,2025-26
2007037015,BME114,A1,2025-26
2007037015,BME114,A2,2025-26
2020038105,BME115,A,2025-26
2014034693,BME116,A1,2025-26
2014034693,BME116,A2,2025-26
2013031037,BME117,A,2025-26
2021031314,BME118,A1,2025-26
2021031314,BME118,A2,2025-26
2020038105,BME119,A,2025-26
2023039486,BME110,A1,2025-26
2023039486,BME110,A2,2025-26
2025034390,BME121,A,2025-26
2007032155,BME122,A1,2025-26
2007032155,BME122,A2,2025-26
2020033297,BME123,All,2025-26
2013031037,BME124,A1,2025-26
2013031037,BME124,A2,2025-26
2021036763,BME125,A,2025-26
2007034499,BME126,A1,2025-26
2007034499,BME126,A2,2025-26
2025034390,BME127,A,2025-26
2021036763,BME128,A1,2025-26
2021036763,BME128,A2,2025-26
2007034499,BME129,A,2025-26
2004038296,BME120,A1,2025-26
2004038296,BME120,A2,2025-26
2023033311,BME131,A,2025-26
2007034499,BME132,A1,2025-26
2007034499,BME132,A2,2025-26
2007032155,BME133,A,2025-26
2007032155,BME134,A1,2025-26
2007032155,BME134,A2,2025-26
2025034390,BME135,A,2025-26
2025034390,BME136,A1,2025-26
2025034390,BME136,A2,2025-26
2023033311,BME137,A,2025-26
2007034499,BME138,A1,2025-26
2007034499,BME138,A2,2025-26
2010037512,BME139,A,2025-26
2014034693,BME130,A1,2025-26
2014034693,BME130,A2,2025-26
2007034499,BME141,A,2025-26
2021038316,BME142,A1,2025-26
2021038316,BME142,A2,2025-26
2025034390,BME143,All,2025-26
2020038105,BME144,A1,2025-26
2020038105,BME144,A2,2025-26
2013031037,BME145,A,2025-26
2011034048,BME146,A1,2025-26
2011034048,BME146,A2,2025-26
2021036763,BME147,All,2025-26
2007034499,BME148,A1,2025-26
2007034499,BME148,A2,2025-26
2021037527,BME149,A,2025-26
2020033297,BME140,A1,2025-26
2020033297,BME140,A2,2025-26
2011034048,BME151,A,2025-26
2025034390,BME152,A1,2025-26
2025034390,BME152,A2,2025-26
2007032155,BME153,All,2025-26
2007034499,BME154,A1,2025-26
2007034499,BME154,A2,2025-26
2014034693,BME155,All,2025-26
2007032155,BME156,A1,2025-26
2007032155,BME156,A2,2025-26
2011034048,BME157,All,2025-26
2010037512,BME158,A1,2025-26
2010037512,BME158,A2,2025-26
2010037512,BME159,A,2025-26
2013034870,BME150,A1,2025-26
2013034870,BME150,A2,2025-26
2011034048,BME161,A,2025-26
2013034870,BME162,A1,2025-26
2013034870,BME162,A2,2025-26
2021031314,BME163,A,2025-26
2013031037,BME164,A1,2025-26
2013031037,BME164,A2,2025-26
2005047409,NCE101,All,2025-26
2002047930,NCE102,A1,2025-26
2002047930,NCE102,A2,2025-26
2021043796,NCE103,All,2025-26
2005047123,NCE104,A1,2025-26
2005047123,NCE104,A2,2025-26
2004042463,NCE105,A,2025-26
2012045171,NCE106,A1,2025-26
2012045171,NCE106,A2,2025-26
2004045308,NCE107,A,2025-26
2012045171,NCE108,A1,2025-26
2012045171,NCE108,A2,2025-26
2021043796,NCE109,All,2025-26
2005047409,NCE100,A1,2025-26
2005047409,NCE100,A2,2025-26
2008049530,NCE111,All,2025-26
2019043018,NCE112,A1,2025-26
2019043018,NCE112,A2,2025-26
2001042498,NCE113,A,2025-26
2004042463,NCE114,A1,2025-26
2004042463,NCE114,A2,2025-26
2002047488,NCE115,A,2025-26
2022046609,NCE116,A1,2025-26
2022046609,NCE116,A2,2025-26
2001047318,NCE117,All,2025-26
2004045308,NCE118,A1,2025-26
2004045308,NCE118,A2,2025-26
2019044578,NCE119,All,2025-26
2002047488,NCE110,A1,2025-26
2002047488,NCE110,A2,2025-26
2021044127,NCE121,A,2025-26
2008049530,NCE122,A1,2025-26
2008049530,NCE122,A2,2025-26
2012045384,NCE123,All,2025-26
2005047409,NCE124,A1,2025-26
2005047409,NCE124,A2,2025-26
2007045295,NCE125,A,2025-26
2012045171,NCE126,A1,2025-26
2012045171,NCE126,A2,2025-26
2001047318,NCE127,A,2025-26
2005045826,NCE128,A1,2025-26
2005045826,NCE128,A2,2025-26
2012045171,NCE129,A,2025-26
2005045826,NCE120,A1,2025-26
2005045826,NCE120,A2,2025-26
2008049530,NCE131,A,2025-26
2002047488,NCE132,A1,2025-26
2002047488,NCE132,A2,2025-26
2004042463,NCE133,A,2025-26
2004045308,NCE134,A1,2025-26
2004045308,NCE134,A2,2025-26
2004045308,NCE135,A,2025-26
2002047488,NCE136,A1,2025-26
2002047488,NCE136,A2,2025-26
2001042498,NCE137,A,2025-26
2002047488,NCE138,A1,2025-26
2002047488,NCE138,A2,2025-26
2019044578,NCE139,A,2025-26
2007045295,NCE130,A1,2025-26
2007045295,NCE130,A2,2025-26
2004045308,NCE141,All,2025-26
2007045295,NCE142,A1,2025-26
2007045295,NCE142,A2,2025-26
2016041148,NCE143,A,2025-26
2019043018,NCE144,A1,2025-26
2019043018,NCE144,A2,2025-26
2005047409,NCE145,A,2025-26
2005045826,NCE146,A1,2025-26
2005045826,NCE146,A2,2025-26
2012045171,NCE147,A,2025-26
2022046609,NCE148,A1,2025-26
2022046609,NCE148,A2,2025-26
2021043796,NCE149,A,2025-26
2008049530,NCE140,A1,2025-26
2008049530,NCE140,A2,2025-26
2005045826,NCE151,A,2025-26
2021043796,NCE152,A1,2025-26
2021043796,NCE152,A2,2025-26
2001047318,NCE153,All,2025-26
2019043018,NCE154,A1,2025-26
2019043018,NCE154,A2,2025-26
2019044578,NCE155,A,2025-26
2005047123,NCE156,A1,2025-26
2005047123,NCE156,A2,2025-26
2022046609,NCE157,A,2025-26
2016041148,NCE158,A1,2025-26
2016041148,NCE158,A2,2025-26
2007045295,NCE159,A,2025-26
2005047409,NCE150,A1,2025-26
2005047409,NCE150,A2,2025-26
2001042498,NCE161,A,2025-26
2007045295,NCE162,A1,2025-26
2007045295,NCE162,A2,2025-26
2007045295,NCE163,A,2025-26
2021043796,NCE164,A1,2025-26
2021043796,NCE164,A2,2025-26
2024076599,CHE101,A,2025-26
2023071728,CHE102,A1,2025-26
2023071728,CHE102,A2,2025-26
2012076512,CHE103,A,2025-26
2013071035,CHE104,A1,2025-26
2013071035,CHE104,A2,2025-26
2012076512,CHE105,A,2025-26
2000075883,CHE106,A1,2025-26
2000075883,CHE106,A2,2025-26
2024076599,CHE107,All,2025-26
2012073926,CHE108,A1,2025-26
2012073926,CHE108,A2,2025-26
2012073926,CHE109,All,2025-26
2012076512,CHE100,A1,2025-26
2012076512,CHE100,A2,2025-26
2017073373,CHE111,A,2025-26
2023071728,CHE112,A1,2025-26
2023071728,CHE112,A2,2025-26
2012073926,CHE113,A,2025-26
2009076054,CHE114,A1,2025-26
2009076054,CHE114,A2,2025-26
2014077588,CHE115,A,2025-26
2012076512,CHE116,A1,2025-26
2012076512,CHE116,A2,2025-26
2015075999,CHE117,A,2025-26
2006075161,CHE118,A1,2025-26
2006075161,CHE118,A2,2025-26
2012073926,CHE119,All,2025-26
2023071728,CHE110,A1,2025-26
2023071728,CHE110,A2,2025-26
2000075883,CHE121,All,2025-26
2023071728,CHE122,A1,2025-26
2023071728,CHE122,A2,2025-26
2012076512,CHE123,A,2025-26
2000075883,CHE124,A1,2025-26
2000075883,CHE124,A2,2025-26
2013071035,CHE125,A,2025-26
2017073373,CHE126,A1,2025-26
2017073373,CHE126,A2,2025-26
2024076599,CHE127,A,2025-26
2017073373,CHE128,A1,2025-26
2017073373,CHE128,A2,2025-26
2024076599,CHE129,A,2025-26
2019073404,CHE120,A1,2025-26
2019073404,CHE120,A2,2025-26
2019073404,CHE131,A,2025-26
2017073373,CHE132,A1,2025-26
2017073373,CHE132,A2,2025-26
2000071743,CHE133,All,2025-26
2011072832,CHE134,A1,2025-26
2011072832,CHE134,A2,2025-26
2000076114,CHE135,A,2025-26
2013079032,CHE136,A1,2025-26
2013079032,CHE136,A2,2025-26
2015075999,CHE137,A,2025-26
2023071728,CHE138,A1,2025-26
2023071728,CHE138,A2,2025-26
2014077588,CHE139,A,2025-26
2019078182,CHE130,A1,2025-26
2019078182,CHE130,A2,2025-26
2000075883,CHE141,A,2025-26
2012076512,CHE142,A1,2025-26
2012076512,CHE142,A2,2025-26
2012076512,CHE143,A,2025-26
2000076114,CHE144,A1,2025-26
2000076114,CHE144,A2,2025-26
2019073404,CHE145,A,2025-26
2013071035,CHE146,A1,2025-26
2013071035,CHE146,A2,2025-26
2006075161,CHE147,All,2025-26
2014077588,CHE148,A1,2025-26
2014077588,CHE148,A2,2025-26
2013071035,CHE149,All,2025-26
2024076599,CHE140,A1,2025-26
2024076599,CHE140,A2,2025-26
2005077428,CHE151,A,2025-26
2015075999,CHE152,A1,2025-26
2015075999,CHE152,A2,2025-26
2013079032,CHE153,A,2025-26
2015075999,CHE154,A1,2025-26
2015075999,CHE154,A2,2025-26
2010071672,CHE155,A,2025-26
2000076114,CHE156,A1,2025-26
2000076114,CHE156,A2,2025-26
2013079032,CHE157,A,2025-26
2005077428,CHE158,A1,2025-26
2005077428,CHE158,A2,2025-26
2010071672,CHE159,A,2025-26
2019078182,CHE150,A1,2025-26
2019078182,CHE150,A2,2025-26
2009076054,CHE161,A,2025-26
2024076599,CHE162,A1,2025-26
2024076599,CHE162,A2,2025-26
2013079032,CHE163,A,2025-26
2019078182,CHE164,A1,2025-26
2019078182,CHE164,A2,2025-26
2000087343,CHM101,All,2025-26
2019085506,CHM102,A1,2025-26
2019085506,CHM102,A2,2025-26
2005083708,CHM103,A,2025-26
2003085014,CHM104,A1,2025-26
2003085014,CHM104,A2,2025-26
2017088611,CHM105,A,2025-26
2006083390,CHM106,A1,2025-26
2006083390,CHM106,A2,2025-26
2014084797,CHM107,All,2025-26
2000087343,CHM108,A1,2025-26
2000087343,CHM108,A2,2025-26
2014084797,CHM109,A,2025-26
2023087098,CHM100,A1,2025-26
2023087098,CHM100,A2,2025-26
2018088867,CHM111,A,2025-26
2020083706,CHM112,A1,2025-26
2020083706,CHM112,A2,2025-26
2024089632,CHM113,A,2025-26
2001089298,CHM114,A1,2025-26
2001089298,CHM114,A2,2025-26
2018088867,CHM115,A,2025-26
2007085936,CHM116,A1,2025-26
2007085936,CHM116,A2,2025-26
2017081474,CHM117,A,2025-26
2017088611,CHM118,A1,2025-26
2017088611,CHM118,A2,2025-26
2000087343,CHM119,A,2025-26
2007088132,CHM110,A1,2025-26
2007088132,CHM110,A2,2025-26
2014089632,CHM121,A,2025-26
2019085506,CHM122,A1,2025-26
2019085506,CHM122,A2,2025-26
2023087098,CHM123,All,2025-26
2014084958,CHM124,A1,2025-26
2014084958,CHM124,A2,2025-26
2001089298,CHM125,A,2025-26
2023087098,CHM126,A1,2025-26
2023087098,CHM126,A2,2025-26
2003085014,CHM127,All,2025-26
2014084958,CHM128,A1,2025-26
2014084958,CHM128,A2,2025-26
2007085936,CHM129,A,2025-26
2018088867,CHM120,A1,2025-26
2018088867,CHM120,A2,2025-26
2014089632,CHM131,All,2025-26
2017088611,CHM132,A1,2025-26
2017088611,CHM132,A2,2025-26
2007088132,CHM133,A,2025-26
2001089298,CHM134,A1,2025-26
2001089298,CHM134,A2,2025-26
2001089298,CHM135,A,2025-26
2005083708,CHM136,A1,2025-26
2005083708,CHM136,A2,2025-26
2003085014,CHM137,All,2025-26
2017084220,CHM138,A1,2025-26
2017084220,CHM138,A2,2025-26
2014084797,CHM139,All,2025-26
2014084958,CHM130,A1,2025-26
2014084958,CHM130,A2,2025-26
2024089632,CHM141,A,2025-26
2017081474,CHM142,A1,2025-26
2017081474,CHM142,A2,2025-26
2007085936,CHM143,A,2025-26
2014084797,CHM144,A1,2025-26
2014084797,CHM144,A2,2025-26
2007088132,CHM145,A,2025-26
2001089298,CHM146,A1,2025-26
2001089298,CHM146,A2,2025-26
2023087098,CHM147,A,2025-26
2017081474,CHM148,A1,2025-26
2017081474,CHM148,A2,2025-26
2007085936,CHM149,A,2025-26
2006083390,CHM140,A1,2025-26
2006083390,CHM140,A2,2025-26
2007085936,CHM151,A,2025-26
2006088876,CHM152,A1,2025-26
2006088876,CHM152,A2,2025-26
2006088876,CHM153,A,2025-26
2023087098,CHM154,A1,2025-26
2023087098,CHM154,A2,2025-26
2024089632,CHM155,All,2025-26
2006083390,CHM156,A1,2025-26
2006083390,CHM156,A2,2025-26
2001089298,CHM157,A,2025-26
2007085936,CHM158,A1,2025-26
2007085936,CHM158,A2,2025-26
2005083708,CHM159,A,2025-26
2017088611,CHM150,A1,2025-26
2017088611,CHM150,A2,2025-26
2006083390,CHM161,A,2025-26
2000087343,CHM162,A1,2025-26
2000087343,CHM162,A2,2025-26
2014084958,CHM163,A,2025-26
2007085936,CHM164,A1,2025-26
2007085936,CHM164,A2,2025-26
2020093812,MME101,A,2025-26
2005095591,MME102,A1,2025-26
2005095591,MME102,A2,2025-26
2023097362,MME103,A,2025-26
2006095965,MME104,A1,2025-26
2006095965,MME104,A2,2025-26
2024094472,MME105,All,2025-26
2023097211,MME106,A1,2025-26
2023097211,MME106,A2,2025-26
2022096603,MME107,A,2025-26
2017093777,MME108,A1,2025-26
2017093777,MME108,A2,2025-26
2020093812,MME109,A,2025-26
2020093812,MME100,A1,2025-26
2020093812,MME100,A2,2025-26
2017093777,MME111,All,2025-26
2020095757,MME112,A1,2025-26
2020095757,MME112,A2,2025-26
2019092827,MME113,A,2025-26
2005099167,MME114,A1,2025-26
2005099167,MME114,A2,2025-26
2022096603,MME115,A,2025-26
2024094472,MME116,A1,2025-26
2024094472,MME116,A2,2025-26
2008099274,MME117,A,2025-26
2011092657,MME118,A1,2025-26
2011092657,MME118,A2,2025-26
2017093777,MME119,A,2025-26
2012094017,MME110,A1,2025-26
2012094017,MME110,A2,2025-26
2020093812,MME121,A,2025-26
2020099983,MME122,A1,2025-26
2020099983,MME122,A2,2025-26
2005099167,MME123,A,2025-26
2023097362,MME124,A1,2025-26
2023097362,MME124,A2,2025-26
2024094472,MME125,A,2025-26
2011092657,MME126,A1,2025-26
2011092657,MME126,A2,2025-26
2018095693,MME127,A,2025-26
2008099274,MME128,A1,2025-26
2008099274,MME128,A2,2025-26
2003097775,MME129,A,2025-26
2018095693,MME120,A1,2025-26
2018095693,MME120,A2,2025-26
2012094017,MME131,A,2025-26
2011092657,MME132,A1,2025-26
2011092657,MME132,A2,2025-26
2016092126,MME133,A,2025-26
2018095693,MME134,A1,2025-26
2018095693,MME134,A2,2025-26
2008099274,MME135,A,2025-26
2005099167,MME136,A1,2025-26
2005099167,MME136,A2,2025-26
2005099167,MME137,A,2025-26
2023097362,MME138,A1,2025-26
2023097362,MME138,A2,2025-26
2024094472,MME139,A,2025-26
2005099167,MME130,A1,2025-26
2005099167,MME130,A2,2025-26
2004098465,MME141,All,2025-26
2022096603,MME142,A1,2025-26
2022096603,MME142,A2,2025-26
2023097362,MME143,A,2025-26
2012094017,MME144,A1,2025-26
2012094017,MME144,A2,2025-26
2018095693,MME145,A,2025-26
2006095965,MME146,A1,2025-26
2006095965,MME146,A2,2025-26
2020099983,MME147,All,2025-26
2011092657,MME148,A1,2025-26
2011092657,MME148,A2,2025-26
2019092827,MME149,A,2025-26
2020099983,MME140,A1,2025-26
2020099983,MME140,A2,2025-26
2016092126,MME151,All,2025-26
2017093777,MME152,A1,2025-26
2017093777,MME152,A2,2025-26
2005095591,MME153,All,2025-26
2018095693,MME154,A1,2025-26
2018095693,MME154,A2,2025-26
2016092126,MME155,A,2025-26
2005099167,MME156,A1,2025-26
2005099167,MME156,A2,2025-26
2012094017,MME157,A,2025-26
2023097211,MME158,A1,2025-26
2023097211,MME158,A2,2025-26
2008099274,MME159,A,2025-26
2017093777,MME150,A1,2025-26
2017093777,MME150,A2,2025-26
2017093777,MME161,All,2025-26
2024094472,MME162,A1,2025-26
2024094472,MME162,A2,2025-26
2012094017,MME163,A,2025-26
2005095591,MME164,A1,2025-26
2005095591,MME164,A2,2025-26
2000119324,ME101,A,2025-26
2015115186,ME102,A1,2025-26
2015115186,ME102,A2,2025-26
2006113679,ME103,A,2025-26
2013111536,ME104,A1,2025-26
2013111536,ME104,A2,2025-26
2015115186,ME105,A,2025-26
2012114994,ME106,A1,2025-26
2012114994,ME106,A2,2025-26
2021111435,ME107,A,2025-26
2021118738,ME108,A1,2025-26
2021118738,ME108,A2,2025-26
2005116724,ME109,A,2025-26
2006113679,ME100,A1,2025-26
2006113679,ME100,A2,2025-26
2012113685,ME111,A,2025-26
2015115186,ME112,A1,2025-26
2015115186,ME112,A2,2025-26
2001112769,ME113,A,2025-26
2022118852,ME114,A1,2025-26
2022118852,ME114,A2,2025-26
2012114994,ME115,A,2025-26
2023111860,ME116,A1,2025-26
2023111860,ME116,A2,2025-26
2021118738,ME117,A,2025-26
2013111536,ME118,A1,2025-26
2013111536,ME118,A2,2025-26
2021118738,ME119,A,2025-26
2016119029,ME110,A1,2025-26
2016119029,ME110,A2,2025-26
2021118738,ME121,A,2025-26
2005116724,ME122,A1,2025-26
2005116724,ME122,A2,2025-26
2010111904,ME123,A,2025-26
2018111187,ME124,A1,2025-26
2018111187,ME124,A2,2025-26
2021118738,ME125,A,2025-26
2013114162,ME126,A1,2025-26
2013114162,ME126,A2,2025-26
2021111435,ME127,A,2025-26
2004119845,ME128,A1,2025-26
2004119845,ME128,A2,2025-26
2012114994,ME129,A,2025-26
2018111187,ME120,A1,2025-26
2018111187,ME120,A2,2025-26
2004119845,ME131,A,2025-26
2018111187,ME132,A1,2025-26
2018111187,ME132,A2,2025-26
2020111597,ME133,A,2025-26
2021111435,ME134,A1,2025-26
2021111435,ME134,A2,2025-26
2013114162,ME135,A,2025-26
2005116724,ME136,A1,2025-26
2005116724,ME136,A2,2025-26
2006113679,ME137,All,2025-26
2006113679,ME138,A1,2025-26
2006113679,ME138,A2,2025-26
2012113685,ME139,All,2025-26
2001112769,ME130,A1,2025-26
2001112769,ME130,A2,2025-26
2012114994,ME141,A,2025-26
2012113685,ME142,A1,2025-26
2012113685,ME142,A2,2025-26
2022118852,ME143,A,2025-26
2013111536,ME144,A1,2025-26
2013111536,ME144,A2,2025-26
2016119029,ME145,All,2025-26
2010111904,ME146,A1,2025-26
2010111904,ME146,A2,2025-26
2018111187,ME147,A,2025-26
2013111536,ME148,A1,2025-26
2013111536,ME148,A2,2025-26
2012113685,ME149,A,2025-26
2022118852,ME140,A1,2025-26
2022118852,ME140,A2,2025-26
2005116724,ME151,All,2025-26
2021113402,ME152,A1,2025-26
2021113402,ME152,A2,2025-26
2010111904,ME153,A,2025-26
2016119029,ME154,A1,2025-26
2016119029,ME154,A2,2025-26
2005116724,ME155,A,2025-26
2018111187,ME156,A1,2025-26
2018111187,ME156,A2,2025-26
2021111435,ME157,A,2025-26
2021113402,ME158,A1,2025-26
2021113402,ME158,A2,2025-26
2021113402,ME159,A,2025-26
2000119324,ME150,A1,2025-26
2000119324,ME150,A2,2025-26
2015115186,ME161,All,2025-26
2018111187,ME162,A1,2025-26
2018111187,ME162,A2,2025-26
2010111904,ME163,A,2025-26
2013111536,ME164,A1,2025-26
2013111536,ME164,A2,2025-26
2014124813,ARC101,All,2025-26
2005116724,PHY808,A1,2025-26
2005116724,PHY808,A2,2025-26
2013129490,ARC102,A1,2025-26
2013129490,ARC102,A2,2025-26
2012122496,ARC103,A,2025-26
2020125390,ARC104,A1,2025-26
2020125390,ARC104,A2,2025-26
2014124813,ARC105,A,2025-26
2012122496,ARC106,A1,2025-26
2012122496,ARC106,A2,2025-26
2012121720,ARC107,All,2025-26
2020125390,ARC108,A1,2025-26
2020125390,ARC108,A2,2025-26
2020122179,ARC109,A,2025-26
2005128808,ARC110,A1,2025-26
2005128808,ARC110,A2,2025-26
2010124182,ARC111,A,2025-26
2022129622,ARC112,A1,2025-26
2022129622,ARC112,A2,2025-26
2010124182,ARC113,All,2025-26
2016123833,ARC114,A1,2025-26
2016123833,ARC114,A2,2025-26
2022129622,ARC115,A,2025-26
2013126056,ARC116,A1,2025-26
2013126056,ARC116,A2,2025-26
2014124813,ARC117,A,2025-26
2019127799,ARC118,A1,2025-26
2019127799,ARC118,A2,2025-26
2013129490,ARC119,A,2025-26
2012122496,ARC120,A1,2025-26
2012122496,ARC120,A2,2025-26
2025121014,ARC121,A,2025-26
2005128808,ARC122,A1,2025-26
2005128808,ARC122,A2,2025-26
2005128808,ARC123,A,2025-26
2012121720,ARC124,A1,2025-26
2012121720,ARC124,A2,2025-26
2014123891,ARC125,A,2025-26
2005128808,ARC126,A1,2025-26
2005128808,ARC126,A2,2025-26
2020122179,ARC127,All,2025-26
2007124952,ARC128,A1,2025-26
2007124952,ARC128,A2,2025-26
2019127799,ARC129,All,2025-26
2010124182,ARC130,A1,2025-26
2010124182,ARC130,A2,2025-26
2022129622,ARC131,A,2025-26
2020125390,ARC132,A1,2025-26
2020125390,ARC132,A2,2025-26
2009126687,ARC133,A,2025-26
2018124373,ARC134,A1,2025-26
2018124373,ARC134,A2,2025-26
2014124813,ARC135,A,2025-26
2025121014,ARC136,A1,2025-26
2025121014,ARC136,A2,2025-26
2022129622,ARC137,All,2025-26
2012121720,ARC138,A1,2025-26
2012121720,ARC138,A2,2025-26
2009127417,ARC139,A,2025-26
2013129490,ARC140,A1,2025-26
2013129490,ARC140,A2,2025-26
2005128808,ARC141,A,2025-26
2009126687,ARC142,A1,2025-26
2009126687,ARC142,A2,2025-26
2012122496,ARC143,All,2025-26
2013124804,ARC144,A1,2025-26
2013124804,ARC144,A2,2025-26
2012122496,ARC145,All,2025-26
2013124804,ARC146,A1,2025-26
2013124804,ARC146,A2,2025-26
2009127417,ARC147,A,2025-26
2014124813,ARC148,A1,2025-26
2014124813,ARC148,A2,2025-26
2007124952,ARC149,A,2025-26
2025121014,ARC150,A1,2025-26
2025121014,ARC150,A2,2025-26
2020125390,ARC151,A,2025-26
2007124952,ARC152,A1,2025-26
2007124952,ARC152,A2,2025-26
2020125390,ARC153,A,2025-26
2013124804,ARC154,A1,2025-26
2013124804,ARC154,A2,2025-26
2013126056,ARC155,A,2025-26
2019125801,ARC156,A1,2025-26
2019125801,ARC156,A2,2025-26
2022129622,ARC157,A,2025-26
2018124373,ARC158,A1,2025-26
2018124373,ARC158,A2,2025-26
2019127799,ARC159,A,2025-26
2009126687,ARC160,A1,2025-26
2009126687,ARC160,A2,2025-26
2007124952,ARC161,A,2025-26
2012121720,ARC162,A1,2025-26
2012121720,ARC162,A2,2025-26
2009127417,ARC163,All,2025-26
2019125801,ARC164,A1,2025-26
2019125801,ARC164,A2,2025-26
2014084958,CSE783,A,2025-26
2007037015,CSE685,All,2025-26
2018057865,CSE738,A1,2025-26
2018057865,CSE738,A2,2025-26
2020095757,CSE630,A1,2025-26
2020095757,CSE630,A2,2025-26
2015115186,CSE898,A1,2025-26
2015115186,CSE898,A2,2025-26
2019078182,CSE508,A1,2025-26
2019078182,CSE508,A2,2025-26
2005068365,CSE821,A,2025-26
2019073404,CSE597,A,2025-26
2013129490,EEE792,A1,2025-26
2013129490,EEE792,A2,2025-26
2011056282,EEE861,A,2025-26
2002047488,EEE529,All,2025-26
2002047488,EEE923,A,2025-26
2005105164,EEE805,A,2025-26
2020012415,EEE798,A1,2025-26
2020012415,EEE798,A2,2025-26
2020019263,EEE804,A1,2025-26
2020019263,EEE804,A2,2025-26
2021109721,EEE558,A1,2025-26
2021109721,EEE558,A2,2025-26
2000075883,MATH680,A1,2025-26
2000075883,MATH680,A2,2025-26
2021043796,MATH666,A1,2025-26
2021043796,MATH666,A2,2025-26
2020101770,MATH521,A,2025-26
2018015002,MATH697,A,2025-26
2014068899,MATH586,A1,2025-26
2014068899,MATH586,A2,2025-26
2001042498,MATH778,A1,2025-26
2001042498,MATH778,A2,2025-26
2003085014,MATH801,A,2025-26
2006066838,MATH869,A,2025-26
2022096603,PHY597,A,2025-26
2023033249,PHY584,A1,2025-26
2023033249,PHY584,A2,2025-26
2015075999,PHY903,All,2025-26
2007088132,PHY545,A,2025-26
2010071672,PHY708,A1,2025-26
2010071672,PHY708,A2,2025-26
2005047409,PHY905,All,2025-26
2002106346,PHY526,A1,2025-26
2002106346,PHY526,A2,2025-26
2012122496,CE686,A1,2025-26
2012122496,CE686,A2,2025-26
2020022299,CE517,All,2025-26
2022046609,CE584,A1,2025-26
2022046609,CE584,A2,2025-26
2006066838,CE713,A,2025-26
2012121720,CE703,A,2025-26
2004042463,CE730,A1,2025-26
2004042463,CE730,A2,2025-26
2001058702,CE648,A1,2025-26
2001058702,CE648,A2,2025-26
2024094472,CE605,All,2025-26
2016013794,BME829,A,2025-26
2009126687,BME810,A1,2025-26
2009126687,BME810,A2,2025-26
2007045295,BME997,A,2025-26
2013126056,BME984,A1,2025-26
2013126056,BME984,A2,2025-26
2001026453,BME849,A,2025-26
2017073373,BME758,A1,2025-26
2017073373,BME758,A2,2025-26
2009126687,BME847,A,2025-26
2006113679,BME624,A1,2025-26
2006113679,BME624,A2,2025-26
2017022300,NCE960,A1,2025-26
2017022300,NCE960,A2,2025-26
2020125390,NCE941,A,2025-26
2000119324,NCE789,All,2025-26
2020033297,NCE945,A,2025-26
2013064884,NCE599,A,2025-26
2006053061,NCE520,A1,2025-26
2006053061,NCE520,A2,2025-26
2013025917,NCE900,A1,2025-26
2013025917,NCE900,A2,2025-26
2005068365,NCE780,A1,2025-26
2005068365,NCE780,A2,2025-26
2016092126,CHE858,A1,2025-26
2016092126,CHE858,A2,2025-26
2005103480,CHE783,A,2025-26
2014028550,CHE587,A,2025-26
2022118852,CHE507,A,2025-26
2004045308,CHE782,A1,2025-26
2004045308,CHE782,A2,2025-26
2008011238,CHE534,A1,2025-26
2008011238,CHE534,A2,2025-26
2017093777,CHE714,A1,2025-26
2017093777,CHE714,A2,2025-26
2007032155,CHE915,A,2025-26
2001069212,CHM585,A,2025-26
2002054286,CHM991,A,2025-26
2006066838,CHM946,A1,2025-26
2006066838,CHM946,A2,2025-26
2013114162,CHM845,A,2025-26
2012045171,CHM850,A1,2025-26
2012045171,CHM850,A2,2025-26
2011108611,CHM965,A,2025-26
2018111187,CHM826,A1,2025-26
2018111187,CHM826,A2,2025-26
2012102916,CHM564,A1,2025-26
2012102916,CHM564,A2,2025-26
2021036763,MME827,A,2025-26
2010111904,MME971,A,2025-26
2025121014,MME859,A,2025-26
2004038296,MME658,A1,2025-26
2004038296,MME658,A2,2025-26
2009013966,MME586,A1,2025-26
2009013966,MME586,A2,2025-26
2014027793,MME908,A1,2025-26
2014027793,MME908,A2,2025-26
2020012415,MME842,A1,2025-26
2020012415,MME842,A2,2025-26
2014084958,MME901,All,2025-26
2009126687,ME944,A1,2025-26
2009126687,ME944,A2,2025-26
2024094472,ME837,A,2025-26
2023039486,ME987,A,2025-26
2003057433,ME882,A1,2025-26
2003057433,ME882,A2,2025-26
2014028550,ME686,A1,2025-26
2014028550,ME686,A2,2025-26
2008011238,ME879,A,2025-26
2021037527,ME546,A1,2025-26
2021037527,ME546,A2,2025-26
2012103394,ME507,A,2025-26
2021111435,ARC977,A,2025-26
2016013794,ARC600,A1,2025-26
2016013794,ARC600,A2,2025-26
2020111597,ARC961,A,2025-26
2017068099,ARC637,A,2025-26
2001089298,ARC750,A1,2025-26
2001089298,ARC750,A2,2025-26
2003062812,ARC553,A,2025-26
2005045826,ARC705,A,2025-26
2022054557,ARC724,A1,2025-26
2022054557,ARC724,A2,2025-26
