student_id,fee_type_id,amount,due_date,status,paid_on
2207036,FT01,250,2025-09-01,Unpaid,
2202058,FT01,250,2025-09-01,Unpaid,
2304027,FT01,250,2025-09-01,Unpaid,
2203032,FT01,250,2025-09-01,Unpaid,
2203056,FT01,250,2025-09-01,Unpaid,
2203054,FT01,250,2025-09-01,Unpaid,
2206026,FT01,250,2025-09-01,Unpaid,
2206038,FT01,250,2025-09-01,Unpaid,
2201035,FT01,250,2025-09-01,Unpaid,
2208040,FT01,250,2025-09-01,Unpaid,
2203041,FT01,250,2025-09-01,Unpaid,
2211032,FT01,250,2025-09-01,Unpaid,
2204051,FT01,250,2025-09-01,Unpaid,
2203028,FT01,250,2025-09-01,Unpaid,
2210037,FT01,250,2025-09-01,Unpaid,
2202049,FT01,250,2025-09-01,Unpaid,
2209057,FT01,250,2025-09-01,Unpaid,
2212021,FT01,250,2025-09-01,Unpaid,
2206027,FT01,250,2025-09-01,Unpaid,
2211053,FT01,250,2025-09-01,Unpaid,
2206040,FT01,250,2025-09-01,Unpaid,
2204029,FT01,250,2025-09-01,Unpaid,
2308033,FT01,250,2025-09-01,Unpaid,
2206031,FT01,250,2025-09-01,Unpaid,
2208029,FT01,250,2025-09-01,Unpaid,
2207021,FT01,250,2025-09-01,Unpaid,
2204059,FT01,250,2025-09-01,Unpaid,
2208049,FT01,250,2025-09-01,Unpaid,
2202060,FT01,250,2025-09-01,Unpaid,
2201038,FT01,250,2025-09-01,Unpaid,
2202050,FT01,250,2025-09-01,Unpaid,
2210041,FT01,250,2025-09-01,Unpaid,
2203031,FT01,250,2025-09-01,Unpaid,
2203029,FT01,250,2025-09-01,Unpaid,
2204034,FT01,250,2025-09-01,Unpaid,
2201039,FT01,250,2025-09-01,Unpaid,
2207055,FT01,250,2025-09-01,Unpaid,
2204030,FT01,250,2025-09-01,Unpaid,
2202043,FT01,250,2025-09-01,Unpaid,
2302042,FT01,250,2025-09-01,Unpaid,
2206036,FT01,250,2025-09-01,Unpaid,
2207026,FT01,250,2025-09-01,Unpaid,
2201026,FT01,250,2025-09-01,Unpaid,
2501032,FT01,250,2025-09-01,Unpaid,
2211043,FT01,250,2025-09-01,Unpaid,
2206029,FT01,250,2025-09-01,Unpaid,
2206041,FT01,250,2025-09-01,Unpaid,
2306030,FT01,250,2025-09-01,Unpaid,
2506024,FT01,250,2025-09-01,Unpaid,
2206043,FT01,250,2025-09-01,Unpaid,
2302028,FT01,250,2025-09-01,Unpaid,
2202053,FT01,250,2025-09-01,Unpaid,
2201031,FT01,250,2025-09-01,Unpaid,
2304059,FT01,250,2025-09-01,Unpaid,
2306022,FT01,250,2025-09-01,Unpaid,
2204036,FT01,250,2025-09-01,Unpaid,
2208031,FT01,250,2025-09-01,Unpaid,
2303026,FT01,250,2025-09-01,Unpaid,
2503025,FT01,250,2025-09-01,Unpaid,
2201054,FT01,250,2025-09-01,Unpaid,
2209060,FT01,250,2025-09-01,Unpaid,
2202034,FT01,250,2025-09-01,Unpaid,
2208054,FT01,250,2025-09-01,Unpaid,
2309052,FT01,250,2025-09-01,Unpaid,
2309037,FT01,250,2025-09-01,Unpaid,
2201034,FT01,250,2025-09-01,Unpaid,
2505055,FT01,250,2025-09-01,Unpaid,
2312022,FT01,250,2025-09-01,Unpaid,
2203036,FT01,250,2025-09-01,Unpaid,
2303029,FT01,250,2025-09-01,Unpaid,
2204050,FT01,250,2025-09-01,Unpaid,
2202024,FT01,250,2025-09-01,Unpaid,
2312038,FT01,250,2025-09-01,Unpaid,
2206052,FT01,250,2025-09-01,Unpaid,
2507058,FT01,250,2025-09-01,Unpaid,
2303054,FT01,250,2025-09-01,Unpaid,
2209039,FT01,250,2025-09-01,Unpaid,
2201047,FT01,250,2025-09-01,Unpaid,
2203058,FT01,250,2025-09-01,Unpaid,
2204033,FT01,250,2025-09-01,Unpaid,
2208055,FT01,250,2025-09-01,Unpaid,
2202039,FT01,250,2025-09-01,Unpaid,
2208028,FT01,250,2025-09-01,Unpaid,
2307029,FT01,250,2025-09-01,Unpaid,
2506055,FT01,250,2025-09-01,Unpaid,
2202026,FT01,250,2025-09-01,Unpaid,
2201048,FT01,250,2025-09-01,Unpaid,
2203045,FT01,250,2025-09-01,Unpaid,
2204027,FT01,250,2025-09-01,Unpaid,
2204023,FT01,250,2025-09-01,Unpaid,
2201057,FT01,250,2025-09-01,Unpaid,
2211026,FT01,250,2025-09-01,Unpaid,
2504029,FT01,250,2025-09-01,Unpaid,
2202027,FT01,250,2025-09-01,Unpaid,
2203023,FT01,250,2025-09-01,Unpaid,
2203048,FT01,250,2025-09-01,Unpaid,
2503050,FT01,250,2025-09-01,Unpaid,
2204041,FT01,250,2025-09-01,Unpaid,
2206050,FT01,250,2025-09-01,Unpaid,
2206053,FT01,250,2025-09-01,Unpaid,
2303039,FT01,250,2025-09-01,Unpaid,
2201045,FT01,250,2025-09-01,Unpaid,
2202035,FT01,250,2025-09-01,Unpaid,
2209029,FT01,250,2025-09-01,Unpaid,
2207060,FT01,250,2025-09-01,Unpaid,
2206021,FT01,250,2025-09-01,Unpaid,
2308050,FT01,250,2025-09-01,Unpaid,
2204045,FT01,250,2025-09-01,Unpaid,
2203049,FT01,250,2025-09-01,Unpaid,
2310034,FT01,250,2025-09-01,Unpaid,
2212045,FT01,250,2025-09-01,Unpaid,
2512048,FT01,250,2025-09-01,Unpaid,
2207040,FT01,250,2025-09-01,Unpaid,
2312030,FT01,250,2025-09-01,Unpaid,
2204026,FT01,250,2025-09-01,Unpaid,
2203039,FT01,250,2025-09-01,Unpaid,
2202045,FT01,250,2025-09-01,Unpaid,
2204043,FT01,250,2025-09-01,Unpaid,
2201023,FT01,250,2025-09-01,Unpaid,
2204052,FT01,250,2025-09-01,Unpaid,
2206032,FT01,250,2025-09-01,Unpaid,
2201056,FT01,250,2025-09-01,Unpaid,
2206044,FT01,250,2025-09-01,Unpaid,
2204055,FT01,250,2025-09-01,Unpaid,
2509055,FT01,250,2025-09-01,Unpaid,
2202046,FT01,250,2025-09-01,Unpaid,
2507037,FT01,250,2025-09-01,Unpaid,
2509046,FT01,250,2025-09-01,Unpaid,
2207054,FT01,250,2025-09-01,Unpaid,
2502044,FT01,250,2025-09-01,Unpaid,
2211031,FT01,250,2025-09-01,Unpaid,
2212024,FT01,250,2025-09-01,Unpaid,
2506052,FT01,250,2025-09-01,Unpaid,
2206037,FT01,250,2025-09-01,Unpaid,
2210028,FT01,250,2025-09-01,Unpaid,
2505025,FT01,250,2025-09-01,Unpaid,
2506043,FT01,250,2025-09-01,Unpaid,
2511037,FT01,250,2025-09-01,Unpaid,
2502047,FT01,250,2025-09-01,Unpaid,
2508023,FT01,250,2025-09-01,Unpaid,
2501022,FT01,250,2025-09-01,Unpaid,
2503040,FT01,250,2025-09-01,Unpaid,
2505022,FT01,250,2025-09-01,Unpaid,
2207028,FT01,250,2025-09-01,Unpaid,
2505030,FT01,250,2025-09-01,Unpaid,
2201032,FT01,250,2025-09-01,Unpaid,
2202054,FT01,250,2025-09-01,Unpaid,
2201051,FT01,250,2025-09-01,Unpaid,
2505035,FT01,250,2025-09-01,Unpaid,
2501038,FT01,250,2025-09-01,Unpaid,
2211040,FT01,250,2025-09-01,Unpaid,
2203043,FT01,250,2025-09-01,Unpaid,
2511028,FT01,250,2025-09-01,Unpaid,
2510051,FT01,250,2025-09-01,Unpaid,
2501055,FT01,250,2025-09-01,Unpaid,
2502052,FT01,250,2025-09-01,Unpaid,
2507046,FT01,250,2025-09-01,Unpaid,
2204046,FT01,250,2025-09-01,Unpaid,
2506030,FT01,250,2025-09-01,Unpaid,
2504032,FT01,250,2025-09-01,Unpaid,
2503031,FT01,250,2025-09-01,Unpaid,
2203052,FT01,250,2025-09-01,Unpaid,
2503060,FT01,250,2025-09-01,Unpaid,
2504023,FT01,250,2025-09-01,Unpaid,
2510027,FT01,250,2025-09-01,Unpaid,
2504041,FT01,250,2025-09-01,Unpaid,
2209047,FT01,250,2025-09-01,Unpaid,
2204025,FT01,250,2025-09-01,Unpaid,
2508033,FT01,250,2025-09-01,Unpaid,
2208051,FT01,250,2025-09-01,Unpaid,
2511029,FT01,250,2025-09-01,Unpaid,
2502056,FT01,250,2025-09-01,Unpaid,
2506038,FT01,250,2025-09-01,Unpaid,
2211057,FT01,250,2025-09-01,Unpaid,
2208026,FT01,250,2025-09-01,Unpaid,
2502031,FT01,250,2025-09-01,Unpaid,
2507026,FT01,250,2025-09-01,Unpaid,
2507057,FT01,250,2025-09-01,Unpaid,
2501021,FT01,250,2025-09-01,Unpaid,
2504046,FT01,250,2025-09-01,Unpaid,
2503044,FT01,250,2025-09-01,Unpaid,
2508047,FT01,250,2025-09-01,Unpaid,
2504055,FT01,250,2025-09-01,Unpaid,
2211048,FT01,250,2025-09-01,Unpaid,
2202021,FT01,250,2025-09-01,Unpaid,
2509025,FT01,250,2025-09-01,Unpaid,
2504027,FT01,250,2025-09-01,Unpaid,
2506034,FT01,250,2025-09-01,Unpaid,
2508025,FT01,250,2025-09-01,Unpaid,
2508057,FT01,250,2025-09-01,Unpaid,
2502036,FT01,250,2025-09-01,Unpaid,
2505057,FT01,250,2025-09-01,Unpaid,
2508042,FT01,250,2025-09-01,Unpaid,
2206045,FT01,250,2025-09-01,Unpaid,
2502026,FT01,250,2025-09-01,Unpaid,
2501034,FT01,250,2025-09-01,Unpaid,
2209055,FT01,250,2025-09-01,Unpaid,
2505048,FT01,250,2025-09-01,Unpaid,
2201060,FT01,250,2025-09-01,Unpaid,
2508055,FT01,250,2025-09-01,Unpaid,
2212052,FT01,250,2025-09-01,Unpaid,
2504036,FT01,250,2025-09-01,Unpaid,
2208039,FT01,250,2025-09-01,Unpaid,
2509047,FT01,250,2025-09-01,Unpaid,
2503038,FT01,250,2025-09-01,Unpaid,
2508040,FT01,250,2025-09-01,Unpaid,
2212031,FT01,250,2025-09-01,Unpaid,
2501040,FT01,250,2025-09-01,Unpaid,
2508051,FT01,250,2025-09-01,Unpaid,
2509039,FT01,250,2025-09-01,Unpaid,
2209036,FT01,250,2025-09-01,Unpaid,
2507045,FT01,250,2025-09-01,Unpaid,
2501048,FT01,250,2025-09-01,Unpaid,
2506026,FT01,250,2025-09-01,Unpaid,
2210042,FT01,250,2025-09-01,Unpaid,
2201041,FT01,250,2025-09-01,Unpaid,
2507022,FT01,250,2025-09-01,Unpaid,
2510036,FT01,250,2025-09-01,Unpaid,
2505039,FT01,250,2025-09-01,Unpaid,
2510025,FT01,250,2025-09-01,Unpaid,
2501045,FT01,250,2025-09-01,Unpaid,
2506060,FT01,250,2025-09-01,Unpaid,
2511047,FT01,250,2025-09-01,Unpaid,
2210033,FT01,250,2025-09-01,Unpaid,
2503028,FT01,250,2025-09-01,Unpaid,
2207046,FT01,250,2025-09-01,Unpaid,
2206028,FT01,250,2025-09-01,Unpaid,
2203034,FT01,250,2025-09-01,Unpaid,
2509038,FT01,250,2025-09-01,Unpaid,
2210055,FT01,250,2025-09-01,Unpaid,
2502040,FT01,250,2025-09-01,Unpaid,
2510043,FT01,250,2025-09-01,Unpaid,
2201028,FT01,250,2025-09-01,Unpaid,
2505047,FT01,250,2025-09-01,Unpaid,
2507036,FT01,250,2025-09-01,Unpaid,
2504059,FT01,250,2025-09-01,Unpaid,
2203027,FT01,250,2025-09-01,Unpaid,
2506047,FT01,250,2025-09-01,Unpaid,
2501056,FT01,250,2025-09-01,Unpaid,
2206054,FT01,250,2025-09-01,Unpaid,
2503054,FT01,250,2025-09-01,Unpaid,
2509024,FT01,250,2025-09-01,Unpaid,
2207038,FT01,250,2025-09-01,Unpaid,
2509030,FT01,250,2025-09-01,Unpaid,
2212040,FT01,250,2025-09-01,Unpaid,
2502025,FT01,250,2025-09-01,Unpaid,
2504050,FT01,250,2025-09-01,Unpaid,
2211023,FT01,250,2025-09-01,Unpaid,
2209035,FT01,250,2025-09-01,Unpaid,
2210040,FT01,250,2025-09-01,Unpaid,
2203040,FT01,250,2025-09-01,Unpaid,
2203033,FT01,250,2025-09-01,Unpaid,
2207025,FT01,250,2025-09-01,Unpaid,
2209058,FT01,250,2025-09-01,Unpaid,
2202056,FT01,250,2025-09-01,Unpaid,
2201052,FT01,250,2025-09-01,Unpaid,
2201022,FT01,250,2025-09-01,Unpaid,
2206025,FT01,250,2025-09-01,Unpaid,
2208053,FT01,250,2025-09-01,Unpaid,
2202042,FT01,250,2025-09-01,Unpaid,
2202032,FT01,250,2025-09-01,Unpaid,
2204040,FT01,250,2025-09-01,Unpaid,
2201043,FT01,250,2025-09-01,Unpaid,
2201049,FT01,250,2025-09-01,Unpaid,
2201050,FT01,250,2025-09-01,Unpaid,
2209028,FT01,250,2025-09-01,Unpaid,
2208058,FT01,250,2025-09-01,Unpaid,
2204047,FT01,250,2025-09-01,Unpaid,
2203050,FT01,250,2025-09-01,Unpaid,
2201037,FT01,250,2025-09-01,Unpaid,
2204021,FT01,250,2025-09-01,Unpaid,
2209041,FT01,250,2025-09-01,Unpaid,
2206060,FT01,250,2025-09-01,Unpaid,
2210021,FT01,250,2025-09-01,Unpaid,
2207032,FT01,250,2025-09-01,Unpaid,
2208022,FT01,250,2025-09-01,Unpaid,
2203046,FT01,250,2025-09-01,Unpaid,
2209050,FT01,250,2025-09-01,Unpaid,
2203037,FT01,250,2025-09-01,Unpaid,
2204037,FT01,250,2025-09-01,Unpaid,
2210032,FT01,250,2025-09-01,Unpaid,
2202023,FT01,250,2025-09-01,Unpaid,
2207030,FT01,250,2025-09-01,Unpaid,
2204058,FT01,250,2025-09-01,Unpaid,
2208038,FT01,250,2025-09-01,Unpaid,
2207039,FT01,250,2025-09-01,Unpaid,
2202051,FT01,250,2025-09-01,Unpaid,
2207041,FT01,250,2025-09-01,Unpaid,
2201027,FT01,250,2025-09-01,Unpaid,
2208035,FT01,250,2025-09-01,Unpaid,
2208027,FT01,250,2025-09-01,Unpaid,
2202057,FT01,250,2025-09-01,Unpaid,
2210025,FT01,250,2025-09-01,Unpaid,
2202059,FT01,250,2025-09-01,Unpaid,
2202038,FT01,250,2025-09-01,Unpaid,
2209025,FT01,250,2025-09-01,Unpaid,
2203055,FT01,250,2025-09-01,Unpaid,
2202029,FT01,250,2025-09-01,Unpaid,
2204028,FT01,250,2025-09-01,Unpaid,
2206034,FT01,250,2025-09-01,Unpaid,
2202030,FT01,250,2025-09-01,Unpaid,
2209033,FT01,250,2025-09-01,Unpaid,
2202022,FT01,250,2025-09-01,Unpaid,
2207051,FT01,250,2025-09-01,Unpaid,
2202044,FT01,250,2025-09-01,Unpaid,
2210031,FT01,250,2025-09-01,Unpaid,
2202041,FT01,250,2025-09-01,Unpaid,
2204031,FT01,250,2025-09-01,Unpaid,
2208050,FT01,250,2025-09-01,Unpaid,
2203042,FT01,250,2025-09-01,Unpaid,
2204049,FT01,250,2025-09-01,Unpaid,
2207047,FT01,250,2025-09-01,Unpaid,
2201025,FT01,250,2025-09-01,Unpaid,
2201042,FT01,250,2025-09-01,Unpaid,
2206049,FT01,250,2025-09-01,Unpaid,
2207057,FT01,250,2025-09-01,Unpaid,
2203022,FT01,250,2025-09-01,Unpaid,
2204057,FT01,250,2025-09-01,Unpaid,
2207059,FT01,250,2025-09-01,Unpaid,
2208044,FT01,250,2025-09-01,Unpaid,
2202033,FT01,250,2025-09-01,Unpaid,
2211024,FT01,250,2025-09-01,Unpaid,
2201040,FT01,250,2025-09-01,Unpaid,
2201058,FT01,250,2025-09-01,Unpaid,
2301035,FT01,250,2025-09-01,Unpaid,
2202040,FT01,250,2025-09-01,Unpaid,
2203024,FT01,250,2025-09-01,Unpaid,
2204053,FT01,250,2025-09-01,Unpaid,
2307050,FT01,250,2025-09-01,Unpaid,
2210047,FT01,250,2025-09-01,Unpaid,
2206047,FT01,250,2025-09-01,Unpaid,
2306027,FT01,250,2025-09-01,Unpaid,
2201036,FT01,250,2025-09-01,Unpaid,
2203060,FT01,250,2025-09-01,Unpaid,
2208032,FT01,250,2025-09-01,Unpaid,
2312034,FT01,250,2025-09-01,Unpaid,
2202036,FT01,250,2025-09-01,Unpaid,
2206039,FT01,250,2025-09-01,Unpaid,
2204035,FT01,250,2025-09-01,Unpaid,
2210051,FT01,250,2025-09-01,Unpaid,
2203026,FT01,250,2025-09-01,Unpaid,
2208047,FT01,250,2025-09-01,Unpaid,
2202048,FT01,250,2025-09-01,Unpaid,
2311032,FT01,250,2025-09-01,Unpaid,
2201029,FT01,250,2025-09-01,Unpaid,
2512022,FT01,250,2025-09-01,Unpaid,
2209048,FT01,250,2025-09-01,Unpaid,
2201059,FT01,250,2025-09-01,Unpaid,
2204038,FT01,250,2025-09-01,Unpaid,
2206030,FT01,250,2025-09-01,Unpaid,
2207033,FT01,250,2025-09-01,Unpaid,
2311059,FT01,250,2025-09-01,Unpaid,
2206056,FT01,250,2025-09-01,Unpaid,
2501023,FT01,250,2025-09-01,Unpaid,
2502058,FT01,250,2025-09-01,Unpaid,
2509051,FT01,250,2025-09-01,Unpaid,
2507040,FT01,250,2025-09-01,Unpaid,
2501060,FT01,250,2025-09-01,Unpaid,
2510040,FT01,250,2025-09-01,Unpaid,
2510049,FT01,250,2025-09-01,Unpaid,
2503030,FT01,250,2025-09-01,Unpaid,
2512028,FT01,250,2025-09-01,Unpaid,
2506040,FT01,250,2025-09-01,Unpaid,
2501033,FT01,250,2025-09-01,Unpaid,
2510058,FT01,250,2025-09-01,Unpaid,
2503023,FT01,250,2025-09-01,Unpaid,
2505050,FT01,250,2025-09-01,Unpaid,
2506049,FT01,250,2025-09-01,Unpaid,
2503048,FT01,250,2025-09-01,Unpaid,
2501046,FT01,250,2025-09-01,Unpaid,
2511030,FT01,250,2025-09-01,Unpaid,
2505024,FT01,250,2025-09-01,Unpaid,
2504051,FT01,250,2025-09-01,Unpaid,
2512052,FT01,250,2025-09-01,Unpaid,
2510031,FT01,250,2025-09-01,Unpaid,
2512032,FT01,250,2025-09-01,Unpaid,
2502050,FT01,250,2025-09-01,Unpaid,
2508026,FT01,250,2025-09-01,Unpaid,
2509042,FT01,250,2025-09-01,Unpaid,
2510024,FT01,250,2025-09-01,Unpaid,
2511041,FT01,250,2025-09-01,Unpaid,
2507055,FT01,250,2025-09-01,Unpaid,
2508049,FT01,250,2025-09-01,Unpaid,
2508037,FT01,250,2025-09-01,Unpaid,
2212056,FT01,250,2025-09-01,Unpaid,
2506031,FT01,250,2025-09-01,Unpaid,
2507029,FT01,250,2025-09-01,Unpaid,
2505034,FT01,250,2025-09-01,Unpaid,
2504057,FT01,250,2025-09-01,Unpaid,
2512041,FT01,250,2025-09-01,Unpaid,
2502039,FT01,250,2025-09-01,Unpaid,
2509034,FT01,250,2025-09-01,Unpaid,
2212026,FT01,250,2025-09-01,Unpaid,
2507033,FT01,250,2025-09-01,Unpaid,
2506022,FT01,250,2025-09-01,Unpaid,
2504033,FT01,250,2025-09-01,Unpaid,
2505059,FT01,250,2025-09-01,Unpaid,
2504042,FT01,250,2025-09-01,Unpaid,
2511036,FT01,250,2025-09-01,Unpaid,
2503039,FT01,250,2025-09-01,Unpaid,
2509059,FT01,250,2025-09-01,Unpaid,
2504025,FT01,250,2025-09-01,Unpaid,
2507050,FT01,250,2025-09-01,Unpaid,
2503056,FT01,250,2025-09-01,Unpaid,
2501039,FT01,250,2025-09-01,Unpaid,
2212042,FT01,250,2025-09-01,Unpaid,
2511023,FT01,250,2025-09-01,Unpaid,
2212050,FT01,250,2025-09-01,Unpaid,
2502022,FT01,250,2025-09-01,Unpaid,
2509028,FT01,250,2025-09-01,Unpaid,
2501052,FT01,250,2025-09-01,Unpaid,
2511050,FT01,250,2025-09-01,Unpaid,
2505041,FT01,250,2025-09-01,Unpaid,
2503053,FT01,250,2025-09-01,Unpaid,
2503037,FT01,250,2025-09-01,Unpaid,
2508034,FT01,250,2025-09-01,Unpaid,
2503024,FT01,250,2025-09-01,Unpaid,
2502032,FT01,250,2025-09-01,Unpaid,
2508054,FT01,250,2025-09-01,Unpaid,
2512024,FT01,250,2025-09-01,Unpaid,
2212053,FT01,250,2025-09-01,Unpaid,
2502023,FT01,250,2025-09-01,Unpaid,
2511059,FT01,250,2025-09-01,Unpaid,
2502041,FT01,250,2025-09-01,Unpaid,
2507048,FT01,250,2025-09-01,Unpaid,
2503042,FT01,250,2025-09-01,Unpaid,
2510039,FT01,250,2025-09-01,Unpaid,
2512055,FT01,250,2025-09-01,Unpaid,
2506029,FT01,250,2025-09-01,Unpaid,
2509026,FT01,250,2025-09-01,Unpaid,
2212036,FT01,250,2025-09-01,Unpaid,
2501058,FT01,250,2025-09-01,Unpaid,
2506054,FT01,250,2025-09-01,Unpaid,
2511053,FT01,250,2025-09-01,Unpaid,
2212034,FT01,250,2025-09-01,Unpaid,
2501051,FT01,250,2025-09-01,Unpaid,
2505054,FT01,250,2025-09-01,Unpaid,
2212046,FT01,250,2025-09-01,Unpaid,
2511025,FT01,250,2025-09-01,Unpaid,
2212043,FT01,250,2025-09-01,Unpaid,
2502030,FT01,250,2025-09-01,Unpaid,
2501025,FT01,250,2025-09-01,Unpaid,
2512046,FT01,250,2025-09-01,Unpaid,
2507035,FT01,250,2025-09-01,Unpaid,
2507042,FT01,250,2025-09-01,Unpaid,
2508044,FT01,250,2025-09-01,Unpaid,
2504047,FT01,250,2025-09-01,Unpaid,
2508027,FT01,250,2025-09-01,Unpaid,
2212058,FT01,250,2025-09-01,Unpaid,
2512060,FT01,250,2025-09-01,Unpaid,
2510057,FT01,250,2025-09-01,Unpaid,
2511038,FT01,250,2025-09-01,Unpaid,
2501031,FT01,250,2025-09-01,Unpaid,
2507027,FT01,250,2025-09-01,Unpaid,
2505026,FT01,250,2025-09-01,Unpaid,
2509035,FT01,250,2025-09-01,Unpaid,
2502057,FT01,250,2025-09-01,Unpaid,
2512034,FT01,250,2025-09-01,Unpaid,
2505038,FT01,250,2025-09-01,Unpaid,
2501036,FT01,250,2025-09-01,Unpaid,
2511046,FT01,250,2025-09-01,Unpaid,
2509048,FT01,250,2025-09-01,Unpaid,
2510030,FT01,250,2025-09-01,Unpaid,
2502048,FT01,250,2025-09-01,Unpaid,
2510022,FT01,250,2025-09-01,Unpaid,
2505045,FT01,250,2025-09-01,Unpaid,
2504039,FT01,250,2025-09-01,Unpaid,
2506036,FT01,250,2025-09-01,Unpaid,
2509057,FT01,250,2025-09-01,Unpaid,
2501044,FT01,250,2025-09-01,Unpaid,
2507053,FT01,250,2025-09-01,Unpaid,
2506045,FT01,250,2025-09-01,Unpaid,
2504056,FT01,250,2025-09-01,Unpaid,
2510048,FT01,250,2025-09-01,Unpaid,
2504028,FT01,250,2025-09-01,Unpaid,
2302025,FT01,250,2025-09-01,Unpaid,
2312041,FT01,250,2025-09-01,Unpaid,
2307053,FT01,250,2025-09-01,Unpaid,
2501026,FT01,250,2025-09-01,Unpaid,
2507056,FT01,250,2025-09-01,Unpaid,
2303051,FT01,250,2025-09-01,Unpaid,
2303027,FT01,250,2025-09-01,Unpaid,
2308044,FT01,250,2025-09-01,Unpaid,
2306035,FT01,250,2025-09-01,Unpaid,
2212048,FT01,250,2025-09-01,Unpaid,
2303041,FT01,250,2025-09-01,Unpaid,
2504034,FT01,250,2025-09-01,Unpaid,
2301051,FT01,250,2025-09-01,Unpaid,
2509043,FT01,250,2025-09-01,Unpaid,
2504021,FT01,250,2025-09-01,Unpaid,
2311054,FT01,250,2025-09-01,Unpaid,
2505042,FT01,250,2025-09-01,Unpaid,
2311041,FT01,250,2025-09-01,Unpaid,
2508024,FT01,250,2025-09-01,Unpaid,
2506027,FT01,250,2025-09-01,Unpaid,
2510037,FT01,250,2025-09-01,Unpaid,
2510052,FT01,250,2025-09-01,Unpaid,
2506044,FT01,250,2025-09-01,Unpaid,
2301057,FT01,250,2025-09-01,Unpaid,
2503026,FT01,250,2025-09-01,Unpaid,
2506057,FT01,250,2025-09-01,Unpaid,
2509040,FT01,250,2025-09-01,Unpaid,
2302035,FT01,250,2025-09-01,Unpaid,
2304048,FT01,250,2025-09-01,Unpaid,
2509052,FT01,250,2025-09-01,Unpaid,
2306058,FT01,250,2025-09-01,Unpaid,
2304030,FT01,250,2025-09-01,Unpaid,
2311036,FT01,250,2025-09-01,Unpaid,
2505029,FT01,250,2025-09-01,Unpaid,
2503059,FT01,250,2025-09-01,Unpaid,
2304021,FT01,250,2025-09-01,Unpaid,
2510028,FT01,250,2025-09-01,Unpaid,
2312029,FT01,250,2025-09-01,Unpaid,
2503032,FT01,250,2025-09-01,Unpaid,
2309034,FT01,250,2025-09-01,Unpaid,
2507032,FT01,250,2025-09-01,Unpaid,
2505032,FT01,250,2025-09-01,Unpaid,
2506053,FT01,250,2025-09-01,Unpaid,
2304039,FT01,250,2025-09-01,Unpaid,
2511048,FT01,250,2025-09-01,Unpaid,
2308028,FT01,250,2025-09-01,Unpaid,
2503049,FT01,250,2025-09-01,Unpaid,
2306029,FT01,250,2025-09-01,Unpaid,
2511027,FT01,250,2025-09-01,Unpaid,
2501050,FT01,250,2025-09-01,Unpaid,
2308058,FT01,250,2025-09-01,Unpaid,
2505053,FT01,250,2025-09-01,Unpaid,
2502046,FT01,250,2025-09-01,Unpaid,
2508059,FT01,250,2025-09-01,Unpaid,
2502055,FT01,250,2025-09-01,Unpaid,
2212054,FT01,250,2025-09-01,Unpaid,
2502024,FT01,250,2025-09-01,Unpaid,
2310049,FT01,250,2025-09-01,Unpaid,
2310026,FT01,250,2025-09-01,Unpaid,
2301045,FT01,250,2025-09-01,Unpaid,
2506035,FT01,250,2025-09-01,Unpaid,
2309025,FT01,250,2025-09-01,Unpaid,
2212039,FT01,250,2025-09-01,Unpaid,
2512025,FT01,250,2025-09-01,Unpaid,
2307034,FT01,250,2025-09-01,Unpaid,
2510046,FT01,250,2025-09-01,Unpaid,
2509031,FT01,250,2025-09-01,Unpaid,
2301039,FT01,250,2025-09-01,Unpaid,
2311021,FT01,250,2025-09-01,Unpaid,
2303031,FT01,250,2025-09-01,Unpaid,
2502037,FT01,250,2025-09-01,Unpaid,
2501041,FT01,250,2025-09-01,Unpaid,
2509021,FT01,250,2025-09-01,Unpaid,
2312054,FT01,250,2025-09-01,Unpaid,
2507043,FT01,250,2025-09-01,Unpaid,
2303060,FT01,250,2025-09-01,Unpaid,
2307027,FT01,250,2025-09-01,Unpaid,
2309056,FT01,250,2025-09-01,Unpaid,
2308035,FT01,250,2025-09-01,Unpaid,
2508039,FT01,250,2025-09-01,Unpaid,
2503041,FT01,250,2025-09-01,Unpaid,
2501059,FT01,250,2025-09-01,Unpaid,
2309044,FT01,250,2025-09-01,Unpaid,
2504043,FT01,250,2025-09-01,Unpaid,
2512049,FT01,250,2025-09-01,Unpaid,
2504052,FT01,250,2025-09-01,Unpaid,
2312047,FT01,250,2025-09-01,Unpaid,
2301022,FT01,250,2025-09-01,Unpaid,
2512035,FT01,250,2025-09-01,Unpaid,
2306044,FT01,250,2025-09-01,Unpaid,
2302053,FT01,250,2025-09-01,Unpaid,
2508048,FT01,250,2025-09-01,Unpaid,
2511040,FT01,250,2025-09-01,Unpaid,
2302044,FT01,250,2025-09-01,Unpaid,
2511056,FT01,250,2025-09-01,Unpaid,
2312031,FT01,250,2025-09-01,Unpaid,
2301033,FT01,250,2025-09-01,Unpaid,
2310059,FT01,250,2025-09-01,Unpaid,
2307043,FT01,250,2025-09-01,Unpaid,
2310038,FT01,250,2025-09-01,Unpaid,
2507023,FT01,250,2025-09-01,Unpaid,
2511031,FT01,250,2025-09-01,Unpaid,
2503045,FT01,250,2025-09-01,Unpaid,
2507054,FT01,250,2025-09-01,Unpaid,
2511054,FT01,250,2025-09-01,Unpaid,
2301049,FT01,250,2025-09-01,Unpaid,
2502054,FT01,250,2025-09-01,Unpaid,
2302034,FT01,250,2025-09-01,Unpaid,
2501053,FT01,250,2025-09-01,Unpaid,
2506046,FT01,250,2025-09-01,Unpaid,
2301030,FT01,250,2025-09-01,Unpaid,
2503055,FT01,250,2025-09-01,Unpaid,
2508053,FT01,250,2025-09-01,Unpaid,
2511032,FT01,250,2025-09-01,Unpaid,
2508028,FT01,250,2025-09-01,Unpaid,
2310025,FT01,250,2025-09-01,Unpaid,
2510021,FT01,250,2025-09-01,Unpaid,
2505028,FT01,250,2025-09-01,Unpaid,
2310050,FT01,250,2025-09-01,Unpaid,
2303030,FT01,250,2025-09-01,Unpaid,
2312028,FT01,250,2025-09-01,Unpaid,
2307058,FT01,250,2025-09-01,Unpaid,
2312045,FT01,250,2025-09-01,Unpaid,
2506037,FT01,250,2025-09-01,Unpaid,
2301021,FT01,250,2025-09-01,Unpaid,
2311049,FT01,250,2025-09-01,Unpaid,
2510041,FT01,250,2025-09-01,Unpaid,
2502029,FT01,250,2025-09-01,Unpaid,
2307038,FT01,250,2025-09-01,Unpaid,
2508045,FT01,250,2025-09-01,Unpaid,
2506056,FT01,250,2025-09-01,Unpaid,
2502035,FT01,250,2025-09-01,Unpaid,
2511042,FT01,250,2025-09-01,Unpaid,
2512051,FT01,250,2025-09-01,Unpaid,
2509060,FT01,250,2025-09-01,Unpaid,
2512026,FT01,250,2025-09-01,Unpaid,
2308022,FT01,250,2025-09-01,Unpaid,
2503034,FT01,250,2025-09-01,Unpaid,
2310042,FT01,250,2025-09-01,Unpaid,
2301043,FT01,250,2025-09-01,Unpaid,
2308060,FT01,250,2025-09-01,Unpaid,
2505058,FT01,250,2025-09-01,Unpaid,
2507025,FT01,250,2025-09-01,Unpaid,
2303046,FT01,250,2025-09-01,Unpaid,
2302060,FT01,250,2025-09-01,Unpaid,
2311022,FT01,250,2025-09-01,Unpaid,
2304033,FT01,250,2025-09-01,Unpaid,
2309030,FT01,250,2025-09-01,Unpaid,
2507051,FT01,250,2025-09-01,Unpaid,
2306051,FT01,250,2025-09-01,Unpaid,
2301037,FT01,250,2025-09-01,Unpaid,
2312053,FT01,250,2025-09-01,Unpaid,
2507031,FT01,250,2025-09-01,Unpaid,
2509022,FT01,250,2025-09-01,Unpaid,
2306034,FT01,250,2025-09-01,Unpaid,
2504035,FT01,250,2025-09-01,Unpaid,
2510035,FT01,250,2025-09-01,Unpaid,
2309039,FT01,250,2025-09-01,Unpaid,
2509041,FT01,250,2025-09-01,Unpaid,
2512040,FT01,250,2025-09-01,Unpaid,
2302052,FT01,250,2025-09-01,Unpaid,
2310033,FT01,250,2025-09-01,Unpaid,
2311056,FT01,250,2025-09-01,Unpaid,
2510050,FT01,250,2025-09-01,Unpaid,
2307021,FT01,250,2025-09-01,Unpaid,
2508060,FT01,250,2025-09-01,Unpaid,
2306060,FT01,250,2025-09-01,Unpaid,
2304025,FT01,250,2025-09-01,Unpaid,
2308046,FT01,250,2025-09-01,Unpaid,
2504044,FT01,250,2025-09-01,Unpaid,
2501043,FT01,250,2025-09-01,Unpaid,
2505049,FT01,250,2025-09-01,Unpaid,
2309021,FT01,250,2025-09-01,Unpaid,
2306042,FT01,250,2025-09-01,Unpaid,
2309054,FT01,250,2025-09-01,Unpaid,
2511021,FT01,250,2025-09-01,Unpaid,
2301055,FT01,250,2025-09-01,Unpaid,
2302043,FT01,250,2025-09-01,Unpaid,
2302027,FT01,250,2025-09-01,Unpaid,
2308038,FT01,250,2025-09-01,Unpaid,
2303021,FT01,250,2025-09-01,Unpaid,
2512043,FT01,250,2025-09-01,Unpaid,
2502045,FT01,250,2025-09-01,Unpaid,
2504031,FT01,250,2025-09-01,Unpaid,
2310060,FT01,250,2025-09-01,Unpaid,
2303055,FT01,250,2025-09-01,Unpaid,
2512031,FT01,250,2025-09-01,Unpaid,
2304057,FT01,250,2025-09-01,Unpaid,
2504054,FT01,250,2025-09-01,Unpaid,
2509050,FT01,250,2025-09-01,Unpaid,
2509032,FT01,250,2025-09-01,Unpaid,
2304051,FT01,250,2025-09-01,Unpaid,
2311035,FT01,250,2025-09-01,Unpaid,
2501027,FT01,250,2025-09-01,Unpaid,
2304042,FT01,250,2025-09-01,Unpaid,
2505040,FT01,250,2025-09-01,Unpaid,
2507041,FT01,250,2025-09-01,Unpaid,
2508036,FT01,250,2025-09-01,Unpaid,
2303038,FT01,250,2025-09-01,Unpaid,
2510060,FT01,250,2025-09-01,Unpaid,
2309047,FT01,250,2025-09-01,Unpaid,
2312036,FT01,250,2025-09-01,Unpaid,
2504024,FT01,250,2025-09-01,Unpaid,
2308052,FT01,250,2025-09-01,Unpaid,
2506023,FT01,250,2025-09-01,Unpaid,
2505031,FT01,250,2025-09-01,Unpaid,
2307048,FT01,250,2025-09-01,Unpaid,
2503027,FT01,250,2025-09-01,Unpaid,
2306024,FT01,250,2025-09-01,Unpaid,
2508030,FT01,250,2025-09-01,Unpaid,
2510053,FT01,250,2025-09-01,Unpaid,
2507024,FT01,250,2025-09-01,Unpaid,
2503035,FT01,250,2025-09-01,Unpaid,
2306032,FT01,250,2025-09-01,Unpaid,
2301052,FT01,250,2025-09-01,Unpaid,
2501047,FT01,250,2025-09-01,Unpaid,
2307042,FT01,250,2025-09-01,Unpaid,
2509044,FT01,250,2025-09-01,Unpaid,
2302049,FT01,250,2025-09-01,Unpaid,
2310051,FT01,250,2025-09-01,Unpaid,
2301031,FT01,250,2025-09-01,Unpaid,
2306025,FT01,250,2025-09-01,Unpaid,
2310032,FT01,250,2025-09-01,Unpaid,
2307051,FT01,250,2025-09-01,Unpaid,
2308059,FT01,250,2025-09-01,Unpaid,
2308021,FT01,250,2025-09-01,Unpaid,
2505046,FT01,250,2025-09-01,Unpaid,
2501028,FT01,250,2025-09-01,Unpaid,
2301024,FT01,250,2025-09-01,Unpaid,
2502027,FT01,250,2025-09-01,Unpaid,
2512047,FT01,250,2025-09-01,Unpaid,
2312055,FT01,250,2025-09-01,Unpaid,
2511022,FT01,250,2025-09-01,Unpaid,
2304056,FT01,250,2025-09-01,Unpaid,
2309022,FT01,250,2025-09-01,Unpaid,
2303058,FT01,250,2025-09-01,Unpaid,
2310022,FT01,250,2025-09-01,Unpaid,
2502033,FT01,250,2025-09-01,Unpaid,
2306041,FT01,250,2025-09-01,Unpaid,
2508021,FT01,250,2025-09-01,Unpaid,
2507039,FT01,250,2025-09-01,Unpaid,
2304047,FT01,250,2025-09-01,Unpaid,
2510032,FT01,250,2025-09-01,Unpaid,
2508058,FT01,250,2025-09-01,Unpaid,
2306050,FT01,250,2025-09-01,Unpaid,
2303032,FT01,250,2025-09-01,Unpaid,
2302041,FT01,250,2025-09-01,Unpaid,
2303050,FT01,250,2025-09-01,Unpaid,
2301046,FT01,250,2025-09-01,Unpaid,
2507059,FT01,250,2025-09-01,Unpaid,
2302058,FT01,250,2025-09-01,Unpaid,
2505037,FT01,250,2025-09-01,Unpaid,
2512023,FT01,250,2025-09-01,Unpaid,
2307060,FT01,250,2025-09-01,Unpaid,
2506041,FT01,250,2025-09-01,Unpaid,
2507047,FT01,250,2025-09-01,Unpaid,
2502043,FT01,250,2025-09-01,Unpaid,
2506032,FT01,250,2025-09-01,Unpaid,
2504058,FT01,250,2025-09-01,Unpaid,
2506058,FT01,250,2025-09-01,Unpaid,
2512037,FT01,250,2025-09-01,Unpaid,
2310041,FT01,250,2025-09-01,Unpaid,
2510042,FT01,250,2025-09-01,Unpaid,
2309051,FT01,250,2025-09-01,Unpaid,
2501054,FT01,250,2025-09-01,Unpaid,
2509023,FT01,250,2025-09-01,Unpaid,
2511057,FT01,250,2025-09-01,Unpaid,
2308054,FT01,250,2025-09-01,Unpaid,
2503057,FT01,250,2025-09-01,Unpaid,
2509053,FT01,250,2025-09-01,Unpaid,
2306059,FT01,250,2025-09-01,Unpaid,
2312026,FT01,250,2025-09-01,Unpaid,
2307033,FT01,250,2025-09-01,Unpaid,
2503046,FT01,250,2025-09-01,Unpaid,
2301040,FT01,250,2025-09-01,Unpaid,
2504026,FT01,250,2025-09-01,Unpaid,
2308032,FT01,250,2025-09-01,Unpaid,
2503029,FT01,250,2025-09-01,Unpaid,
2312044,FT01,250,2025-09-01,Unpaid,
2309041,FT01,250,2025-09-01,Unpaid,
2303042,FT01,250,2025-09-01,Unpaid,
2506050,FT01,250,2025-09-01,Unpaid,
2510029,FT01,250,2025-09-01,Unpaid,
2504038,FT01,250,2025-09-01,Unpaid,
2304038,FT01,250,2025-09-01,Unpaid,
2301036,FT01,250,2025-09-01,Unpaid,
2311038,FT01,250,2025-09-01,Unpaid,
2311029,FT01,250,2025-09-01,Unpaid,
2512056,FT01,250,2025-09-01,Unpaid,
2311045,FT01,250,2025-09-01,Unpaid,
2505023,FT01,250,2025-09-01,Unpaid,
2309058,FT01,250,2025-09-01,Unpaid,
2502053,FT01,250,2025-09-01,Unpaid,
2309031,FT01,250,2025-09-01,Unpaid,
2312035,FT01,250,2025-09-01,Unpaid,
2511039,FT01,250,2025-09-01,Unpaid,
2508041,FT01,250,2025-09-01,Unpaid,
2303022,FT01,250,2025-09-01,Unpaid,
2307023,FT01,250,2025-09-01,Unpaid,
2311050,FT01,250,2025-09-01,Unpaid,
2504048,FT01,250,2025-09-01,Unpaid,
2308045,FT01,250,2025-09-01,Unpaid,
2302024,FT01,250,2025-09-01,Unpaid,
2510059,FT01,250,2025-09-01,Unpaid,
2511049,FT01,250,2025-09-01,Unpaid,
2505056,FT01,250,2025-09-01,Unpaid,
2506025,FT01,250,2025-09-01,Unpaid,
2508050,FT01,250,2025-09-01,Unpaid,
2304023,FT01,250,2025-09-01,Unpaid,
2509033,FT01,250,2025-09-01,Unpaid,
2508032,FT01,250,2025-09-01,Unpaid,
2301059,FT01,250,2025-09-01,Unpaid,
2512027,FT01,250,2025-09-01,Unpaid,
2304049,FT01,250,2025-09-01,Unpaid,
2503058,FT01,250,2025-09-01,Unpaid,
2306039,FT01,250,2025-09-01,Unpaid,
2302048,FT01,250,2025-09-01,Unpaid,
2505043,FT01,250,2025-09-01,Unpaid,
2302032,FT01,250,2025-09-01,Unpaid,
2303035,FT01,250,2025-09-01,Unpaid,
2505021,FT01,250,2025-09-01,Unpaid,
2311028,FT01,250,2025-09-01,Unpaid,
2308055,FT01,250,2025-09-01,Unpaid,
2302057,FT01,250,2025-09-01,Unpaid,
2507030,FT01,250,2025-09-01,Unpaid,
2512054,FT01,250,2025-09-01,Unpaid,
2307054,FT01,250,2025-09-01,Unpaid,
2302031,FT01,250,2025-09-01,Unpaid,
2310023,FT01,250,2025-09-01,Unpaid,
2306028,FT01,250,2025-09-01,Unpaid,
2505060,FT01,250,2025-09-01,Unpaid,
2311034,FT01,250,2025-09-01,Unpaid,
2501029,FT01,250,2025-09-01,Unpaid,
2509027,FT01,250,2025-09-01,Unpaid,
2306031,FT01,250,2025-09-01,Unpaid,
2502049,FT01,250,2025-09-01,Unpaid,
2506059,FT01,250,2025-09-01,Unpaid,
2506021,FT01,250,2025-09-01,Unpaid,
2301041,FT01,250,2025-09-01,Unpaid,
2508056,FT01,250,2025-09-01,Unpaid,
2512038,FT01,250,2025-09-01,Unpaid,
2502060,FT01,250,2025-09-01,Unpaid,
2506042,FT01,250,2025-09-01,Unpaid,
2312037,FT01,250,2025-09-01,Unpaid,
2311060,FT01,250,2025-09-01,Unpaid,
2303053,FT01,250,2025-09-01,Unpaid,
2312056,FT01,250,2025-09-01,Unpaid,
2507052,FT01,250,2025-09-01,Unpaid,
2301034,FT01,250,2025-09-01,Unpaid,
2309049,FT01,250,2025-09-01,Unpaid,
2505051,FT01,250,2025-09-01,Unpaid,
2511055,FT01,250,2025-09-01,Unpaid,
2307030,FT01,250,2025-09-01,Unpaid,
2309040,FT01,250,2025-09-01,Unpaid,
2510056,FT01,250,2025-09-01,Unpaid,
2309032,FT01,250,2025-09-01,Unpaid,
2507034,FT01,250,2025-09-01,Unpaid,
2307040,FT01,250,2025-09-01,Unpaid,
2302030,FT01,250,2025-09-01,Unpaid,
2301054,FT01,250,2025-09-01,Unpaid,
2504030,FT01,250,2025-09-01,Unpaid,
2511045,FT01,250,2025-09-01,Unpaid,
2306048,FT01,250,2025-09-01,Unpaid,
2506033,FT01,250,2025-09-01,Unpaid,
2312021,FT01,250,2025-09-01,Unpaid,
2302039,FT01,250,2025-09-01,Unpaid,
2505033,FT01,250,2025-09-01,Unpaid,
2303044,FT01,250,2025-09-01,Unpaid,
2312046,FT01,250,2025-09-01,Unpaid,
2304032,FT01,250,2025-09-01,Unpaid,
2512045,FT01,250,2025-09-01,Unpaid,
2502021,FT01,250,2025-09-01,Unpaid,
2503021,FT01,250,2025-09-01,Unpaid,
2306054,FT01,250,2025-09-01,Unpaid,
2309057,FT01,250,2025-09-01,Unpaid,
2308026,FT01,250,2025-09-01,Unpaid,
2511033,FT01,250,2025-09-01,Unpaid,
2510045,FT01,250,2025-09-01,Unpaid,
2508038,FT01,250,2025-09-01,Unpaid,
2304041,FT01,250,2025-09-01,Unpaid,
2307047,FT01,250,2025-09-01,Unpaid,
2508046,FT01,250,2025-09-01,Unpaid,
2503033,FT01,250,2025-09-01,Unpaid,
2302033,FT01,250,2025-09-01,Unpaid,
2307031,FT01,250,2025-09-01,Unpaid,
2310048,FT01,250,2025-09-01,Unpaid,
2310040,FT01,250,2025-09-01,Unpaid,
2502038,FT01,250,2025-09-01,Unpaid,
2509045,FT01,250,2025-09-01,Unpaid,
2511024,FT01,250,2025-09-01,Unpaid,
2308042,FT01,250,2025-09-01,Unpaid,
2510026,FT01,250,2025-09-01,Unpaid,
2504060,FT01,250,2025-09-01,Unpaid,
2302023,FT01,250,2025-09-01,Unpaid,
2509054,FT01,250,2025-09-01,Unpaid,
2301048,FT01,250,2025-09-01,Unpaid,
2311052,FT01,250,2025-09-01,Unpaid,
2509037,FT01,250,2025-09-01,Unpaid,
2503051,FT01,250,2025-09-01,Unpaid,
2508029,FT01,250,2025-09-01,Unpaid,
2311047,FT01,250,2025-09-01,Unpaid,
2301060,FT01,250,2025-09-01,Unpaid,
2304029,FT01,250,2025-09-01,Unpaid,
2303028,FT01,250,2025-09-01,Unpaid,
2309027,FT01,250,2025-09-01,Unpaid,
2504049,FT01,250,2025-09-01,Unpaid,
2507044,FT01,250,2025-09-01,Unpaid,
2307025,FT01,250,2025-09-01,Unpaid,
2510033,FT01,250,2025-09-01,Unpaid,
2504022,FT01,250,2025-09-01,Unpaid,
2310030,FT01,250,2025-09-01,Unpaid,
2507021,FT01,250,2025-09-01,Unpaid,
2308034,FT01,250,2025-09-01,Unpaid,
2506051,FT01,250,2025-09-01,Unpaid,
2503043,FT01,250,2025-09-01,Unpaid,
2301023,FT01,250,2025-09-01,Unpaid,
2504040,FT01,250,2025-09-01,Unpaid,
2306037,FT01,250,2025-09-01,Unpaid,
2306057,FT01,250,2025-09-01,Unpaid,
2209051,FT01,250,2025-09-01,Unpaid,
2207045,FT01,250,2025-09-01,Unpaid,
2303040,FT01,250,2025-09-01,Unpaid,
2301056,FT01,250,2025-09-01,Unpaid,
2209022,FT01,250,2025-09-01,Unpaid,
2312043,FT01,250,2025-09-01,Unpaid,
2209052,FT01,250,2025-09-01,Unpaid,
2202055,FT01,250,2025-09-01,Unpaid,
2202025,FT01,250,2025-09-01,Unpaid,
2204024,FT01,250,2025-09-01,Unpaid,
2209023,FT01,250,2025-09-01,Unpaid,
2206042,FT01,250,2025-09-01,Unpaid,
2301044,FT01,250,2025-09-01,Unpaid,
2210027,FT01,250,2025-09-01,Unpaid,
2209034,FT01,250,2025-09-01,Unpaid,
2207042,FT01,250,2025-09-01,Unpaid,
2303048,FT01,250,2025-09-01,Unpaid,
2309043,FT01,250,2025-09-01,Unpaid,
2201033,FT01,250,2025-09-01,Unpaid,
2207023,FT01,250,2025-09-01,Unpaid,
2203053,FT01,250,2025-09-01,Unpaid,
2209040,FT01,250,2025-09-01,Unpaid,
2203047,FT01,250,2025-09-01,Unpaid,
2209026,FT01,250,2025-09-01,Unpaid,
2310053,FT01,250,2025-09-01,Unpaid,
2201046,FT01,250,2025-09-01,Unpaid,
2203044,FT01,250,2025-09-01,Unpaid,
2206051,FT01,250,2025-09-01,Unpaid,
2207050,FT01,250,2025-09-01,Unpaid,
2210023,FT01,250,2025-09-01,Unpaid,
2201024,FT01,250,2025-09-01,Unpaid,
2207029,FT01,250,2025-09-01,Unpaid,
2208042,FT01,250,2025-09-01,Unpaid,
2207056,FT01,250,2025-09-01,Unpaid,
2201055,FT01,250,2025-09-01,Unpaid,
2203035,FT01,250,2025-09-01,Unpaid,
2302046,FT01,250,2025-09-01,Unpaid,
2209053,FT01,250,2025-09-01,Unpaid,
2201021,FT01,250,2025-09-01,Unpaid,
2206033,FT01,250,2025-09-01,Unpaid,
2311033,FT01,250,2025-09-01,Unpaid,
2201053,FT01,250,2025-09-01,Unpaid,
2207043,FT01,250,2025-09-01,Unpaid,
2308057,FT01,250,2025-09-01,Unpaid,
2208023,FT01,250,2025-09-01,Unpaid,
2312051,FT01,250,2025-09-01,Unpaid,
2210036,FT01,250,2025-09-01,Unpaid,
2207027,FT01,250,2025-09-01,Unpaid,
2202052,FT01,250,2025-09-01,Unpaid,
2208034,FT01,250,2025-09-01,Unpaid,
2203038,FT01,250,2025-09-01,Unpaid,
2208046,FT01,250,2025-09-01,Unpaid,
2207022,FT01,250,2025-09-01,Unpaid,
2204054,FT01,250,2025-09-01,Unpaid,
2304024,FT01,250,2025-09-01,Unpaid,
2207031,FT01,250,2025-09-01,Unpaid,
2207052,FT01,250,2025-09-01,Unpaid,
2210022,FT01,250,2025-09-01,Unpaid,
2204060,FT01,250,2025-09-01,Unpaid,
2209056,FT01,250,2025-09-01,Unpaid,
2208052,FT01,250,2025-09-01,Unpaid,
2203025,FT01,250,2025-09-01,Unpaid,
2209042,FT01,250,2025-09-01,Unpaid,
2209038,FT01,250,2025-09-01,Unpaid,
2208024,FT01,250,2025-09-01,Unpaid,
2202031,FT01,250,2025-09-01,Unpaid,
2310029,FT01,250,2025-09-01,Unpaid,
2307039,FT01,250,2025-09-01,Unpaid,
2210034,FT01,250,2025-09-01,Unpaid,
2309035,FT01,250,2025-09-01,Unpaid,
2208045,FT01,250,2025-09-01,Unpaid,
2301038,FT01,250,2025-09-01,Unpaid,
2209059,FT01,250,2025-09-01,Unpaid,
2209049,FT01,250,2025-09-01,Unpaid,
2202028,FT01,250,2025-09-01,Unpaid,
2304034,FT01,250,2025-09-01,Unpaid,
2310044,FT01,250,2025-09-01,Unpaid,
2209031,FT01,250,2025-09-01,Unpaid,
2209032,FT01,250,2025-09-01,Unpaid,
2210030,FT01,250,2025-09-01,Unpaid,
2206023,FT01,250,2025-09-01,Unpaid,
2210024,FT01,250,2025-09-01,Unpaid,
2209037,FT01,250,2025-09-01,Unpaid,
2208041,FT01,250,2025-09-01,Unpaid,
2208043,FT01,250,2025-09-01,Unpaid,
2204044,FT01,250,2025-09-01,Unpaid,
2202047,FT01,250,2025-09-01,Unpaid,
2206057,FT01,250,2025-09-01,Unpaid,
2208036,FT01,250,2025-09-01,Unpaid,
2201044,FT01,250,2025-09-01,Unpaid,
2209043,FT01,250,2025-09-01,Unpaid,
2207053,FT01,250,2025-09-01,Unpaid,
2208025,FT01,250,2025-09-01,Unpaid,
2209027,FT01,250,2025-09-01,Unpaid,
2304052,FT01,250,2025-09-01,Unpaid,
2302036,FT01,250,2025-09-01,Unpaid,
2209021,FT01,250,2025-09-01,Unpaid,
2206046,FT01,250,2025-09-01,Unpaid,
2207035,FT01,250,2025-09-01,Unpaid,
2312023,FT01,250,2025-09-01,Unpaid,
2208037,FT01,250,2025-09-01,Unpaid,
2202037,FT01,250,2025-09-01,Unpaid,
2204032,FT01,250,2025-09-01,Unpaid,
2208021,FT01,250,2025-09-01,Unpaid,
2208030,FT01,250,2025-09-01,Unpaid,
2203021,FT01,250,2025-09-01,Unpaid,
2207037,FT01,250,2025-09-01,Unpaid,
2206058,FT01,250,2025-09-01,Unpaid,
2203057,FT01,250,2025-09-01,Unpaid,
2208060,FT01,250,2025-09-01,Unpaid,
2209046,FT01,250,2025-09-01,Unpaid,
2203030,FT01,250,2025-09-01,Unpaid,
2208059,FT01,250,2025-09-01,Unpaid,
2209044,FT01,250,2025-09-01,Unpaid,
2208057,FT01,250,2025-09-01,Unpaid,
2201030,FT01,250,2025-09-01,Unpaid,
2208033,FT01,250,2025-09-01,Unpaid,
2311044,FT01,250,2025-09-01,Unpaid,
2210029,FT01,250,2025-09-01,Unpaid,
2204042,FT01,250,2025-09-01,Unpaid,
2206059,FT01,250,2025-09-01,Unpaid,
2207048,FT01,250,2025-09-01,Unpaid,
2308027,FT01,250,2025-09-01,Unpaid,
2211046,FT01,250,2025-09-01,Unpaid,
2211054,FT01,250,2025-09-01,Unpaid,
2212025,FT01,250,2025-09-01,Unpaid,
2308040,FT01,250,2025-09-01,Unpaid,
2304054,FT01,250,2025-09-01,Unpaid,
2311024,FT01,250,2025-09-01,Unpaid,
2210053,FT01,250,2025-09-01,Unpaid,
2203059,FT01,250,2025-09-01,Unpaid,
2210049,FT01,250,2025-09-01,Unpaid,
2211047,FT01,250,2025-09-01,Unpaid,
2204022,FT01,250,2025-09-01,Unpaid,
2206024,FT01,250,2025-09-01,Unpaid,
2304036,FT01,250,2025-09-01,Unpaid,
2510055,FT01,250,2025-09-01,Unpaid,
2212041,FT01,250,2025-09-01,Unpaid,
2211030,FT01,250,2025-09-01,Unpaid,
2206022,FT01,250,2025-09-01,Unpaid,
2212049,FT01,250,2025-09-01,Unpaid,
2306046,FT01,250,2025-09-01,Unpaid,
2308031,FT01,250,2025-09-01,Unpaid,
2210056,FT01,250,2025-09-01,Unpaid,
2511060,FT01,250,2025-09-01,Unpaid,
2211058,FT01,250,2025-09-01,Unpaid,
2211035,FT01,250,2025-09-01,Unpaid,
2311048,FT01,250,2025-09-01,Unpaid,
2310057,FT01,250,2025-09-01,Unpaid,
2211050,FT01,250,2025-09-01,Unpaid,
2306038,FT01,250,2025-09-01,Unpaid,
2211028,FT01,250,2025-09-01,Unpaid,
2209030,FT01,250,2025-09-01,Unpaid,
2210048,FT01,250,2025-09-01,Unpaid,
2208056,FT01,250,2025-09-01,Unpaid,
2307035,FT01,250,2025-09-01,Unpaid,
2512044,FT01,250,2025-09-01,Unpaid,
2212022,FT01,250,2025-09-01,Unpaid,
2211034,FT01,250,2025-09-01,Unpaid,
2303045,FT01,250,2025-09-01,Unpaid,
2212038,FT01,250,2025-09-01,Unpaid,
2208048,FT01,250,2025-09-01,Unpaid,
2210050,FT01,250,2025-09-01,Unpaid,
2310031,FT01,250,2025-09-01,Unpaid,
2207049,FT01,250,2025-09-01,Unpaid,
2210038,FT01,250,2025-09-01,Unpaid,
2204039,FT01,250,2025-09-01,Unpaid,
2210058,FT01,250,2025-09-01,Unpaid,
2211029,FT01,250,2025-09-01,Unpaid,
2211044,FT01,250,2025-09-01,Unpaid,
2512053,FT01,250,2025-09-01,Unpaid,
2211036,FT01,250,2025-09-01,Unpaid,
2211025,FT01,250,2025-09-01,Unpaid,
2312052,FT01,250,2025-09-01,Unpaid,
2211051,FT01,250,2025-09-01,Unpaid,
2211056,FT01,250,2025-09-01,Unpaid,
2207024,FT01,250,2025-09-01,Unpaid,
2309046,FT01,250,2025-09-01,Unpaid,
2209045,FT01,250,2025-09-01,Unpaid,
2210035,FT01,250,2025-09-01,Unpaid,
2212028,FT01,250,2025-09-01,Unpaid,
2211052,FT01,250,2025-09-01,Unpaid,
2210059,FT01,250,2025-09-01,Unpaid,
2212023,FT01,250,2025-09-01,Unpaid,
2211022,FT01,250,2025-09-01,Unpaid,
2212051,FT01,250,2025-09-01,Unpaid,
2210054,FT01,250,2025-09-01,Unpaid,
2209054,FT01,250,2025-09-01,Unpaid,
2511034,FT01,250,2025-09-01,Unpaid,
2210044,FT01,250,2025-09-01,Unpaid,
2212037,FT01,250,2025-09-01,Unpaid,
2210043,FT01,250,2025-09-01,Unpaid,
2210039,FT01,250,2025-09-01,Unpaid,
2210057,FT01,250,2025-09-01,Unpaid,
2210060,FT01,250,2025-09-01,Unpaid,
2207034,FT01,250,2025-09-01,Unpaid,
2210026,FT01,250,2025-09-01,Unpaid,
2212033,FT01,250,2025-09-01,Unpaid,
2512030,FT01,250,2025-09-01,Unpaid,
2211021,FT01,250,2025-09-01,Unpaid,
2511058,FT01,250,2025-09-01,Unpaid,
2303024,FT01,250,2025-09-01,Unpaid,
2206055,FT01,250,2025-09-01,Unpaid,
2211059,FT01,250,2025-09-01,Unpaid,
2212047,FT01,250,2025-09-01,Unpaid,
2211037,FT01,250,2025-09-01,Unpaid,
2204048,FT01,250,2025-09-01,Unpaid,
2207044,FT01,250,2025-09-01,Unpaid,
2206035,FT01,250,2025-09-01,Unpaid,
2512021,FT01,250,2025-09-01,Unpaid,
2512039,FT01,250,2025-09-01,Unpaid,
2310027,FT01,250,2025-09-01,Unpaid,
2212027,FT01,250,2025-09-01,Unpaid,
2310043,FT01,250,2025-09-01,Unpaid,
2212035,FT01,250,2025-09-01,Unpaid,
2211038,FT01,250,2025-09-01,Unpaid,
2211055,FT01,250,2025-09-01,Unpaid,
2211033,FT01,250,2025-09-01,Unpaid,
2210052,FT01,250,2025-09-01,Unpaid,
2211039,FT01,250,2025-09-01,Unpaid,
2204056,FT01,250,2025-09-01,Unpaid,
2211045,FT01,250,2025-09-01,Unpaid,
2512059,FT01,250,2025-09-01,Unpaid,
2211041,FT01,250,2025-09-01,Unpaid,
2212044,FT01,250,2025-09-01,Unpaid,
2206048,FT01,250,2025-09-01,Unpaid,
2511052,FT01,250,2025-09-01,Unpaid,
2203051,FT01,250,2025-09-01,Unpaid,
2209024,FT01,250,2025-09-01,Unpaid,
2511043,FT01,250,2025-09-01,Unpaid,
2510044,FT01,250,2025-09-01,Unpaid,
2210046,FT01,250,2025-09-01,Unpaid,
2307055,FT01,250,2025-09-01,Unpaid,
2211049,FT01,250,2025-09-01,Unpaid,
2307024,FT01,250,2025-09-01,Unpaid,
2510034,FT01,250,2025-09-01,Unpaid,
2212030,FT01,250,2025-09-01,Unpaid,
2302059,FT01,250,2025-09-01,Unpaid,
2210045,FT01,250,2025-09-01,Unpaid,
2301047,FT01,250,2025-09-01,Unpaid,
2512057,FT01,250,2025-09-01,Unpaid,
2212029,FT01,250,2025-09-01,Unpaid,
2512036,FT01,250,2025-09-01,Unpaid,
2211027,FT01,250,2025-09-01,Unpaid,
2211060,FT01,250,2025-09-01,Unpaid,
2207058,FT01,250,2025-09-01,Unpaid,
2509056,FT01,250,2025-09-01,Unpaid,
2211042,FT01,250,2025-09-01,Unpaid,
2503047,FT01,250,2025-09-01,Unpaid,
2304046,FT01,250,2025-09-01,Unpaid,
2511051,FT01,250,2025-09-01,Unpaid,
2508022,FT01,250,2025-09-01,Unpaid,
2303037,FT01,250,2025-09-01,Unpaid,
2309059,FT01,250,2025-09-01,Unpaid,
2307022,FT01,250,2025-09-01,Unpaid,
2304058,FT01,250,2025-09-01,Unpaid,
2511035,FT01,250,2025-09-01,Unpaid,
2306047,FT01,250,2025-09-01,Unpaid,
2511026,FT01,250,2025-09-01,Unpaid,
2301050,FT01,250,2025-09-01,Unpaid,
2501037,FT01,250,2025-09-01,Unpaid,
2308048,FT01,250,2025-09-01,Unpaid,
2212060,FT01,250,2025-09-01,Unpaid,
2310036,FT01,250,2025-09-01,Unpaid,
2507028,FT01,250,2025-09-01,Unpaid,
2301027,FT01,250,2025-09-01,Unpaid,
2510047,FT01,250,2025-09-01,Unpaid,
2502034,FT01,250,2025-09-01,Unpaid,
2301042,FT01,250,2025-09-01,Unpaid,
2502051,FT01,250,2025-09-01,Unpaid,
2312025,FT01,250,2025-09-01,Unpaid,
2311026,FT01,250,2025-09-01,Unpaid,
2504053,FT01,250,2025-09-01,Unpaid,
2311043,FT01,250,2025-09-01,Unpaid,
2512029,FT01,250,2025-09-01,Unpaid,
2306023,FT01,250,2025-09-01,Unpaid,
2304031,FT01,250,2025-09-01,Unpaid,
2504037,FT01,250,2025-09-01,Unpaid,
2311058,FT01,250,2025-09-01,Unpaid,
2512042,FT01,250,2025-09-01,Unpaid,
2311040,FT01,250,2025-09-01,Unpaid,
2501035,FT01,250,2025-09-01,Unpaid,
2304040,FT01,250,2025-09-01,Unpaid,
2503022,FT01,250,2025-09-01,Unpaid,
2304022,FT01,250,2025-09-01,Unpaid,
2303057,FT01,250,2025-09-01,Unpaid,
2508031,FT01,250,2025-09-01,Unpaid,
2301053,FT01,250,2025-09-01,Unpaid,
2308056,FT01,250,2025-09-01,Unpaid,
2504045,FT01,250,2025-09-01,Unpaid,
2508052,FT01,250,2025-09-01,Unpaid,
2301058,FT01,250,2025-09-01,Unpaid,
2301026,FT01,250,2025-09-01,Unpaid,
2302037,FT01,250,2025-09-01,Unpaid,
2512050,FT01,250,2025-09-01,Unpaid,
2506039,FT01,250,2025-09-01,Unpaid,
2509058,FT01,250,2025-09-01,Unpaid,
2312059,FT01,250,2025-09-01,Unpaid,
2510023,FT01,250,2025-09-01,Unpaid,
2510054,FT01,250,2025-09-01,Unpaid,
2310024,FT01,250,2025-09-01,Unpaid,
2507049,FT01,250,2025-09-01,Unpaid,
2312057,FT01,250,2025-09-01,Unpaid,
2301025,FT01,250,2025-09-01,Unpaid,
2306040,FT01,250,2025-09-01,Unpaid,
2309036,FT01,250,2025-09-01,Unpaid,
2502028,FT01,250,2025-09-01,Unpaid,
2312039,FT01,250,2025-09-01,Unpaid,
2505044,FT01,250,2025-09-01,Unpaid,
2304043,FT01,250,2025-09-01,Unpaid,
2505036,FT01,250,2025-09-01,Unpaid,
2308037,FT01,250,2025-09-01,Unpaid,
2312049,FT01,250,2025-09-01,Unpaid,
2512033,FT01,250,2025-09-01,Unpaid,
2501057,FT01,250,2025-09-01,Unpaid,
2311055,FT01,250,2025-09-01,Unpaid,
2307045,FT01,250,2025-09-01,Unpaid,
2308023,FT01,250,2025-09-01,Unpaid,
2507038,FT01,250,2025-09-01,Unpaid,
2309024,FT01,250,2025-09-01,Unpaid,
2508035,FT01,250,2025-09-01,Unpaid,
2311027,FT01,250,2025-09-01,Unpaid,
2306056,FT01,250,2025-09-01,Unpaid,
2310039,FT01,250,2025-09-01,Unpaid,
2310055,FT01,250,2025-09-01,Unpaid,
2510038,FT01,250,2025-09-01,Unpaid,
2503036,FT01,250,2025-09-01,Unpaid,
2501042,FT01,250,2025-09-01,Unpaid,
2303049,FT01,250,2025-09-01,Unpaid,
2503052,FT01,250,2025-09-01,Unpaid,
2509036,FT01,250,2025-09-01,Unpaid,
2306053,FT01,250,2025-09-01,Unpaid,
2506048,FT01,250,2025-09-01,Unpaid,
2501030,FT01,250,2025-09-01,Unpaid,
2302051,FT01,250,2025-09-01,Unpaid,
2302050,FT01,250,2025-09-01,Unpaid,
2306049,FT01,250,2025-09-01,Unpaid,
2310045,FT01,250,2025-09-01,Unpaid,
2502042,FT01,250,2025-09-01,Unpaid,
2309045,FT01,250,2025-09-01,Unpaid,
2506028,FT01,250,2025-09-01,Unpaid,
2505027,FT01,250,2025-09-01,Unpaid,
2501049,FT01,250,2025-09-01,Unpaid,
2309053,FT01,250,2025-09-01,Unpaid,
2307052,FT01,250,2025-09-01,Unpaid,
2508043,FT01,250,2025-09-01,Unpaid,
2302054,FT01,250,2025-09-01,Unpaid,
2308043,FT01,250,2025-09-01,Unpaid,
2501024,FT01,250,2025-09-01,Unpaid,
2307059,FT01,250,2025-09-01,Unpaid,
2511044,FT01,250,2025-09-01,Unpaid,
2311051,FT01,250,2025-09-01,Unpaid,
2212057,FT01,250,2025-09-01,Unpaid,
2301032,FT01,250,2025-09-01,Unpaid,
2509029,FT01,250,2025-09-01,Unpaid,
2303033,FT01,250,2025-09-01,Unpaid,
2507060,FT01,250,2025-09-01,Unpaid,
2212059,FT01,250,2025-09-01,Unpaid,
2509049,FT01,250,2025-09-01,Unpaid,
2302026,FT01,250,2025-09-01,Unpaid,
2512058,FT01,250,2025-09-01,Unpaid,
2505052,FT01,250,2025-09-01,Unpaid,
2303059,FT01,250,2025-09-01,Unpaid,
2309026,FT01,250,2025-09-01,Unpaid,
2308047,FT01,250,2025-09-01,Unpaid,
2304050,FT01,250,2025-09-01,Unpaid,
2311031,FT01,250,2025-09-01,Unpaid,
2307037,FT01,250,2025-09-01,Unpaid,
2502059,FT01,250,2025-09-01,Unpaid,
2308029,FT01,250,2025-09-01,Unpaid,
2302029,FT01,250,2025-09-01,Unpaid,
2309023,FT01,250,2025-09-01,Unpaid,
2310052,FT01,250,2025-09-01,Unpaid,
2307046,FT01,250,2025-09-01,Unpaid,
2306036,FT01,250,2025-09-01,Unpaid,
2311025,FT01,250,2025-09-01,Unpaid,
2302056,FT01,250,2025-09-01,Unpaid,
2311039,FT01,250,2025-09-01,Unpaid,
2310056,FT01,250,2025-09-01,Unpaid,
2310047,FT01,250,2025-09-01,Unpaid,
2304026,FT01,250,2025-09-01,Unpaid,
2310035,FT01,250,2025-09-01,Unpaid,
2303023,FT01,250,2025-09-01,Unpaid,
2308036,FT01,250,2025-09-01,Unpaid,
2307028,FT01,250,2025-09-01,Unpaid,
2302045,FT01,250,2025-09-01,Unpaid,
2312042,FT01,250,2025-09-01,Unpaid,
2307044,FT01,250,2025-09-01,Unpaid,
2312060,FT01,250,2025-09-01,Unpaid,
2306055,FT01,250,2025-09-01,Unpaid,
2303056,FT01,250,2025-09-01,Unpaid,
2312024,FT01,250,2025-09-01,Unpaid,
2306021,FT01,250,2025-09-01,Unpaid,
2307056,FT01,250,2025-09-01,Unpaid,
2310021,FT01,250,2025-09-01,Unpaid,
2307036,FT01,250,2025-09-01,Unpaid,
2309038,FT01,250,2025-09-01,Unpaid,
2302022,FT01,250,2025-09-01,Unpaid,
2311057,FT01,250,2025-09-01,Unpaid,
2301028,FT01,250,2025-09-01,Unpaid,
2309048,FT01,250,2025-09-01,Unpaid,
2304060,FT01,250,2025-09-01,Unpaid,
2308053,FT01,250,2025-09-01,Unpaid,
2312032,FT01,250,2025-09-01,Unpaid,
2303036,FT01,250,2025-09-01,Unpaid,
2304053,FT01,250,2025-09-01,Unpaid,
2312050,FT01,250,2025-09-01,Unpaid,
2309029,FT01,250,2025-09-01,Unpaid,
2304035,FT01,250,2025-09-01,Unpaid,
2303047,FT01,250,2025-09-01,Unpaid,
2309060,FT01,250,2025-09-01,Unpaid,
2308025,FT01,250,2025-09-01,Unpaid,
2302038,FT01,250,2025-09-01,Unpaid,
2308041,FT01,250,2025-09-01,Unpaid,
2304044,FT01,250,2025-09-01,Unpaid,
2311042,FT01,250,2025-09-01,Unpaid,
2306045,FT01,250,2025-09-01,Unpaid,
2310058,FT01,250,2025-09-01,Unpaid,
2306043,FT01,250,2025-09-01,Unpaid,
2304037,FT01,250,2025-09-01,Unpaid,
2304028,FT01,250,2025-09-01,Unpaid,
2311046,FT01,250,2025-09-01,Unpaid,
2309050,FT01,250,2025-09-01,Unpaid,
2307041,FT01,250,2025-09-01,Unpaid,
2301029,FT01,250,2025-09-01,Unpaid,
2306052,FT01,250,2025-09-01,Unpaid,
2308049,FT01,250,2025-09-01,Unpaid,
2307049,FT01,250,2025-09-01,Unpaid,
2307026,FT01,250,2025-09-01,Unpaid,
2304055,FT01,250,2025-09-01,Unpaid,
2311053,FT01,250,2025-09-01,Unpaid,
2308051,FT01,250,2025-09-01,Unpaid,
2310054,FT01,250,2025-09-01,Unpaid,
2307057,FT01,250,2025-09-01,Unpaid,
2303025,FT01,250,2025-09-01,Unpaid,
2310046,FT01,250,2025-09-01,Unpaid,
2303052,FT01,250,2025-09-01,Unpaid,
2308024,FT01,250,2025-09-01,Unpaid,
2308030,FT01,250,2025-09-01,Unpaid,
2309042,FT01,250,2025-09-01,Unpaid,
2311037,FT01,250,2025-09-01,Unpaid,
2311023,FT01,250,2025-09-01,Unpaid,
2302055,FT01,250,2025-09-01,Unpaid,
2310028,FT01,250,2025-09-01,Unpaid,
2311030,FT01,250,2025-09-01,Unpaid,
2309055,FT01,250,2025-09-01,Unpaid,
2308039,FT01,250,2025-09-01,Unpaid,
2302021,FT01,250,2025-09-01,Unpaid,
2306033,FT01,250,2025-09-01,Unpaid,
2303043,FT01,250,2025-09-01,Unpaid,
2310037,FT01,250,2025-09-01,Unpaid,
2307032,FT01,250,2025-09-01,Unpaid,
2312027,FT01,250,2025-09-01,Unpaid,
2302047,FT01,250,2025-09-01,Unpaid,
2302040,FT01,250,2025-09-01,Unpaid,
2309033,FT01,250,2025-09-01,Unpaid,
2309028,FT01,250,2025-09-01,Unpaid,
2312033,FT01,250,2025-09-01,Unpaid,
2306026,FT01,250,2025-09-01,Unpaid,
2312058,FT01,250,2025-09-01,Unpaid,
2312040,FT01,250,2025-09-01,Unpaid,
2312048,FT01,250,2025-09-01,Unpaid,
2303034,FT01,250,2025-09-01,Unpaid,
2304045,FT01,250,2025-09-01,Unpaid,
2409031,FT01,250,2025-09-01,Unpaid,
2411028,FT01,250,2025-09-01,Unpaid,
2401042,FT01,250,2025-09-01,Unpaid,
2412046,FT01,250,2025-09-01,Unpaid,
2408041,FT01,250,2025-09-01,Unpaid,
2403048,FT01,250,2025-09-01,Unpaid,
2405046,FT01,250,2025-09-01,Unpaid,
2412027,FT01,250,2025-09-01,Unpaid,
2406039,FT01,250,2025-09-01,Unpaid,
2401057,FT01,250,2025-09-01,Unpaid,
2406058,FT01,250,2025-09-01,Unpaid,
2410047,FT01,250,2025-09-01,Unpaid,
2403055,FT01,250,2025-09-01,Unpaid,
2406033,FT01,250,2025-09-01,Unpaid,
2408050,FT01,250,2025-09-01,Unpaid,
2402058,FT01,250,2025-09-01,Unpaid,
2402025,FT01,250,2025-09-01,Unpaid,
2411036,FT01,250,2025-09-01,Unpaid,
2405041,FT01,250,2025-09-01,Unpaid,
2403040,FT01,250,2025-09-01,Unpaid,
2405050,FT01,250,2025-09-01,Unpaid,
2409036,FT01,250,2025-09-01,Unpaid,
2402043,FT01,250,2025-09-01,Unpaid,
2408034,FT01,250,2025-09-01,Unpaid,
2411042,FT01,250,2025-09-01,Unpaid,
2408038,FT01,250,2025-09-01,Unpaid,
2407046,FT01,250,2025-09-01,Unpaid,
2409054,FT01,250,2025-09-01,Unpaid,
2412055,FT01,250,2025-09-01,Unpaid,
2408027,FT01,250,2025-09-01,Unpaid,
2401050,FT01,250,2025-09-01,Unpaid,
2402052,FT01,250,2025-09-01,Unpaid,
2406057,FT01,250,2025-09-01,Unpaid,
2407023,FT01,250,2025-09-01,Unpaid,
2408022,FT01,250,2025-09-01,Unpaid,
2404024,FT01,250,2025-09-01,Unpaid,
2404027,FT01,250,2025-09-01,Unpaid,
2409045,FT01,250,2025-09-01,Unpaid,
2403023,FT01,250,2025-09-01,Unpaid,
2412040,FT01,250,2025-09-01,Unpaid,
2409041,FT01,250,2025-09-01,Unpaid,
2405028,FT01,250,2025-09-01,Unpaid,
2411054,FT01,250,2025-09-01,Unpaid,
2404056,FT01,250,2025-09-01,Unpaid,
2401037,FT01,250,2025-09-01,Unpaid,
2405031,FT01,250,2025-09-01,Unpaid,
2406048,FT01,250,2025-09-01,Unpaid,
2406041,FT01,250,2025-09-01,Unpaid,
2401032,FT01,250,2025-09-01,Unpaid,
2403031,FT01,250,2025-09-01,Unpaid,
2411053,FT01,250,2025-09-01,Unpaid,
2407060,FT01,250,2025-09-01,Unpaid,
2402049,FT01,250,2025-09-01,Unpaid,
2409024,FT01,250,2025-09-01,Unpaid,
2412037,FT01,250,2025-09-01,Unpaid,
2403038,FT01,250,2025-09-01,Unpaid,
2407026,FT01,250,2025-09-01,Unpaid,
2403049,FT01,250,2025-09-01,Unpaid,
2407045,FT01,250,2025-09-01,Unpaid,
2410055,FT01,250,2025-09-01,Unpaid,
2410042,FT01,250,2025-09-01,Unpaid,
2405025,FT01,250,2025-09-01,Unpaid,
2408058,FT01,250,2025-09-01,Unpaid,
2404053,FT01,250,2025-09-01,Unpaid,
2412049,FT01,250,2025-09-01,Unpaid,
2404035,FT01,250,2025-09-01,Unpaid,
2410028,FT01,250,2025-09-01,Unpaid,
2410032,FT01,250,2025-09-01,Unpaid,
2402028,FT01,250,2025-09-01,Unpaid,
2402033,FT01,250,2025-09-01,Unpaid,
2410033,FT01,250,2025-09-01,Unpaid,
2408053,FT01,250,2025-09-01,Unpaid,
2404034,FT01,250,2025-09-01,Unpaid,
2406027,FT01,250,2025-09-01,Unpaid,
2401021,FT01,250,2025-09-01,Unpaid,
2406050,FT01,250,2025-09-01,Unpaid,
2401024,FT01,250,2025-09-01,Unpaid,
2405036,FT01,250,2025-09-01,Unpaid,
2401031,FT01,250,2025-09-01,Unpaid,
2410053,FT01,250,2025-09-01,Unpaid,
2409026,FT01,250,2025-09-01,Unpaid,
2407055,FT01,250,2025-09-01,Unpaid,
2412031,FT01,250,2025-09-01,Unpaid,
2403029,FT01,250,2025-09-01,Unpaid,
2402034,FT01,250,2025-09-01,Unpaid,
2410027,FT01,250,2025-09-01,Unpaid,
2407035,FT01,250,2025-09-01,Unpaid,
2404048,FT01,250,2025-09-01,Unpaid,
2408045,FT01,250,2025-09-01,Unpaid,
2401051,FT01,250,2025-09-01,Unpaid,
2402041,FT01,250,2025-09-01,Unpaid,
2411045,FT01,250,2025-09-01,Unpaid,
2411026,FT01,250,2025-09-01,Unpaid,
2412058,FT01,250,2025-09-01,Unpaid,
2401035,FT01,250,2025-09-01,Unpaid,
2401043,FT01,250,2025-09-01,Unpaid,
2405055,FT01,250,2025-09-01,Unpaid,
2407033,FT01,250,2025-09-01,Unpaid,
2404043,FT01,250,2025-09-01,Unpaid,
2412028,FT01,250,2025-09-01,Unpaid,
2411035,FT01,250,2025-09-01,Unpaid,
2403054,FT01,250,2025-09-01,Unpaid,
2406029,FT01,250,2025-09-01,Unpaid,
2409052,FT01,250,2025-09-01,Unpaid,
2407051,FT01,250,2025-09-01,Unpaid,
2409022,FT01,250,2025-09-01,Unpaid,
2403057,FT01,250,2025-09-01,Unpaid,
2408039,FT01,250,2025-09-01,Unpaid,
2406036,FT01,250,2025-09-01,Unpaid,
2403035,FT01,250,2025-09-01,Unpaid,
2411058,FT01,250,2025-09-01,Unpaid,
2411030,FT01,250,2025-09-01,Unpaid,
2404031,FT01,250,2025-09-01,Unpaid,
2401045,FT01,250,2025-09-01,Unpaid,
2404046,FT01,250,2025-09-01,Unpaid,
2401049,FT01,250,2025-09-01,Unpaid,
2406046,FT01,250,2025-09-01,Unpaid,
2407047,FT01,250,2025-09-01,Unpaid,
2401038,FT01,250,2025-09-01,Unpaid,
2412052,FT01,250,2025-09-01,Unpaid,
2412022,FT01,250,2025-09-01,Unpaid,
2405026,FT01,250,2025-09-01,Unpaid,
2401056,FT01,250,2025-09-01,Unpaid,
2408046,FT01,250,2025-09-01,Unpaid,
2401030,FT01,250,2025-09-01,Unpaid,
2407024,FT01,250,2025-09-01,Unpaid,
2409049,FT01,250,2025-09-01,Unpaid,
2404037,FT01,250,2025-09-01,Unpaid,
2402057,FT01,250,2025-09-01,Unpaid,
2403024,FT01,250,2025-09-01,Unpaid,
2407053,FT01,250,2025-09-01,Unpaid,
2401023,FT01,250,2025-09-01,Unpaid,
2405059,FT01,250,2025-09-01,Unpaid,
2411039,FT01,250,2025-09-01,Unpaid,
2412032,FT01,250,2025-09-01,Unpaid,
2404025,FT01,250,2025-09-01,Unpaid,
2410057,FT01,250,2025-09-01,Unpaid,
2407032,FT01,250,2025-09-01,Unpaid,
2407059,FT01,250,2025-09-01,Unpaid,
2402048,FT01,250,2025-09-01,Unpaid,
2406022,FT01,250,2025-09-01,Unpaid,
2408021,FT01,250,2025-09-01,Unpaid,
2409038,FT01,250,2025-09-01,Unpaid,
2410046,FT01,250,2025-09-01,Unpaid,
2406030,FT01,250,2025-09-01,Unpaid,
2412030,FT01,250,2025-09-01,Unpaid,
2405052,FT01,250,2025-09-01,Unpaid,
2405042,FT01,250,2025-09-01,Unpaid,
2412042,FT01,250,2025-09-01,Unpaid,
2402026,FT01,250,2025-09-01,Unpaid,
2410037,FT01,250,2025-09-01,Unpaid,
2403050,FT01,250,2025-09-01,Unpaid,
2408030,FT01,250,2025-09-01,Unpaid,
2403041,FT01,250,2025-09-01,Unpaid,
2405037,FT01,250,2025-09-01,Unpaid,
2406056,FT01,250,2025-09-01,Unpaid,
2404055,FT01,250,2025-09-01,Unpaid,
2407036,FT01,250,2025-09-01,Unpaid,
2410029,FT01,250,2025-09-01,Unpaid,
2411049,FT01,250,2025-09-01,Unpaid,
2408059,FT01,250,2025-09-01,Unpaid,
2411022,FT01,250,2025-09-01,Unpaid,
2402040,FT01,250,2025-09-01,Unpaid,
2406051,FT01,250,2025-09-01,Unpaid,
2402051,FT01,250,2025-09-01,Unpaid,
2412035,FT01,250,2025-09-01,Unpaid,
2405039,FT01,250,2025-09-01,Unpaid,
2407025,FT01,250,2025-09-01,Unpaid,
2405030,FT01,250,2025-09-01,Unpaid,
2407034,FT01,250,2025-09-01,Unpaid,
2411033,FT01,250,2025-09-01,Unpaid,
2407049,FT01,250,2025-09-01,Unpaid,
2406038,FT01,250,2025-09-01,Unpaid,
2406060,FT01,250,2025-09-01,Unpaid,
2402060,FT01,250,2025-09-01,Unpaid,
2401047,FT01,250,2025-09-01,Unpaid,
2406043,FT01,250,2025-09-01,Unpaid,
2411027,FT01,250,2025-09-01,Unpaid,
2402027,FT01,250,2025-09-01,Unpaid,
2403043,FT01,250,2025-09-01,Unpaid,
2405022,FT01,250,2025-09-01,Unpaid,
2409047,FT01,250,2025-09-01,Unpaid,
2401034,FT01,250,2025-09-01,Unpaid,
2402042,FT01,250,2025-09-01,Unpaid,
2404049,FT01,250,2025-09-01,Unpaid,
2401022,FT01,250,2025-09-01,Unpaid,
2407058,FT01,250,2025-09-01,Unpaid,
2401041,FT01,250,2025-09-01,Unpaid,
2401054,FT01,250,2025-09-01,Unpaid,
2412045,FT01,250,2025-09-01,Unpaid,
2410036,FT01,250,2025-09-01,Unpaid,
2410044,FT01,250,2025-09-01,Unpaid,
2407040,FT01,250,2025-09-01,Unpaid,
2409023,FT01,250,2025-09-01,Unpaid,
2409056,FT01,250,2025-09-01,Unpaid,
2404059,FT01,250,2025-09-01,Unpaid,
2410054,FT01,250,2025-09-01,Unpaid,
2408037,FT01,250,2025-09-01,Unpaid,
2403056,FT01,250,2025-09-01,Unpaid,
2411044,FT01,250,2025-09-01,Unpaid,
2403033,FT01,250,2025-09-01,Unpaid,
2404026,FT01,250,2025-09-01,Unpaid,
2412053,FT01,250,2025-09-01,Unpaid,
2411047,FT01,250,2025-09-01,Unpaid,
2406024,FT01,250,2025-09-01,Unpaid,
2412026,FT01,250,2025-09-01,Unpaid,
2411056,FT01,250,2025-09-01,Unpaid,
2409037,FT01,250,2025-09-01,Unpaid,
2403021,FT01,250,2025-09-01,Unpaid,
2404039,FT01,250,2025-09-01,Unpaid,
2410025,FT01,250,2025-09-01,Unpaid,
2408057,FT01,250,2025-09-01,Unpaid,
2408048,FT01,250,2025-09-01,Unpaid,
2405049,FT01,250,2025-09-01,Unpaid,
2408023,FT01,250,2025-09-01,Unpaid,
2405057,FT01,250,2025-09-01,Unpaid,
2408056,FT01,250,2025-09-01,Unpaid,
2411041,FT01,250,2025-09-01,Unpaid,
2407050,FT01,250,2025-09-01,Unpaid,
2405023,FT01,250,2025-09-01,Unpaid,
2402047,FT01,250,2025-09-01,Unpaid,
2412057,FT01,250,2025-09-01,Unpaid,
2403026,FT01,250,2025-09-01,Unpaid,
2406059,FT01,250,2025-09-01,Unpaid,
2405051,FT01,250,2025-09-01,Unpaid,
2411052,FT01,250,2025-09-01,Unpaid,
2406049,FT01,250,2025-09-01,Unpaid,
2404022,FT01,250,2025-09-01,Unpaid,
2409027,FT01,250,2025-09-01,Unpaid,
2402032,FT01,250,2025-09-01,Unpaid,
2411032,FT01,250,2025-09-01,Unpaid,
2406040,FT01,250,2025-09-01,Unpaid,
2407030,FT01,250,2025-09-01,Unpaid,
2401053,FT01,250,2025-09-01,Unpaid,
2402024,FT01,250,2025-09-01,Unpaid,
2409044,FT01,250,2025-09-01,Unpaid,
2409035,FT01,250,2025-09-01,Unpaid,
2408043,FT01,250,2025-09-01,Unpaid,
2403059,FT01,250,2025-09-01,Unpaid,
2406026,FT01,250,2025-09-01,Unpaid,
2401058,FT01,250,2025-09-01,Unpaid,
2403037,FT01,250,2025-09-01,Unpaid,
2401025,FT01,250,2025-09-01,Unpaid,
2404044,FT01,250,2025-09-01,Unpaid,
2404030,FT01,250,2025-09-01,Unpaid,
2410030,FT01,250,2025-09-01,Unpaid,
2410021,FT01,250,2025-09-01,Unpaid,
2411029,FT01,250,2025-09-01,Unpaid,
2402035,FT01,250,2025-09-01,Unpaid,
2401033,FT01,250,2025-09-01,Unpaid,
2406031,FT01,250,2025-09-01,Unpaid,
2410043,FT01,250,2025-09-01,Unpaid,
2408029,FT01,250,2025-09-01,Unpaid,
2402031,FT01,250,2025-09-01,Unpaid,
2407021,FT01,250,2025-09-01,Unpaid,
2402055,FT01,250,2025-09-01,Unpaid,
2408052,FT01,250,2025-09-01,Unpaid,
2412038,FT01,250,2025-09-01,Unpaid,
2412047,FT01,250,2025-09-01,Unpaid,
2409053,FT01,250,2025-09-01,Unpaid,
2404058,FT01,250,2025-09-01,Unpaid,
2402030,FT01,250,2025-09-01,Unpaid,
2404036,FT01,250,2025-09-01,Unpaid,
2405034,FT01,250,2025-09-01,Unpaid,
2401044,FT01,250,2025-09-01,Unpaid,
2401036,FT01,250,2025-09-01,Unpaid,
2410039,FT01,250,2025-09-01,Unpaid,
2408036,FT01,250,2025-09-01,Unpaid,
2407044,FT01,250,2025-09-01,Unpaid,
2409059,FT01,250,2025-09-01,Unpaid,
2405043,FT01,250,2025-09-01,Unpaid,
2410052,FT01,250,2025-09-01,Unpaid,
2412029,FT01,250,2025-09-01,Unpaid,
2404050,FT01,250,2025-09-01,Unpaid,
2403046,FT01,250,2025-09-01,Unpaid,
2407043,FT01,250,2025-09-01,Unpaid,
2409028,FT01,250,2025-09-01,Unpaid,
2410022,FT01,250,2025-09-01,Unpaid,
2408035,FT01,250,2025-09-01,Unpaid,
2404033,FT01,250,2025-09-01,Unpaid,
2411050,FT01,250,2025-09-01,Unpaid,
2407031,FT01,250,2025-09-01,Unpaid,
2405035,FT01,250,2025-09-01,Unpaid,
2403022,FT01,250,2025-09-01,Unpaid,
2407038,FT01,250,2025-09-01,Unpaid,
2411034,FT01,250,2025-09-01,Unpaid,
2412054,FT01,250,2025-09-01,Unpaid,
2404060,FT01,250,2025-09-01,Unpaid,
2412044,FT01,250,2025-09-01,Unpaid,
2406055,FT01,250,2025-09-01,Unpaid,
2406044,FT01,250,2025-09-01,Unpaid,
2402050,FT01,250,2025-09-01,Unpaid,
2401052,FT01,250,2025-09-01,Unpaid,
2405047,FT01,250,2025-09-01,Unpaid,
2410034,FT01,250,2025-09-01,Unpaid,
2410041,FT01,250,2025-09-01,Unpaid,
2405021,FT01,250,2025-09-01,Unpaid,
2403047,FT01,250,2025-09-01,Unpaid,
2407022,FT01,250,2025-09-01,Unpaid,
2404028,FT01,250,2025-09-01,Unpaid,
2402038,FT01,250,2025-09-01,Unpaid,
2411025,FT01,250,2025-09-01,Unpaid,
2411060,FT01,250,2025-09-01,Unpaid,
2404051,FT01,250,2025-09-01,Unpaid,
2403039,FT01,250,2025-09-01,Unpaid,
2405056,FT01,250,2025-09-01,Unpaid,
2406035,FT01,250,2025-09-01,Unpaid,
2412021,FT01,250,2025-09-01,Unpaid,
2409058,FT01,250,2025-09-01,Unpaid,
2411043,FT01,250,2025-09-01,Unpaid,
2404042,FT01,250,2025-09-01,Unpaid,
2406025,FT01,250,2025-09-01,Unpaid,
2402059,FT01,250,2025-09-01,Unpaid,
2401046,FT01,250,2025-09-01,Unpaid,
2409034,FT01,250,2025-09-01,Unpaid,
2403052,FT01,250,2025-09-01,Unpaid,
2410050,FT01,250,2025-09-01,Unpaid,
2401039,FT01,250,2025-09-01,Unpaid,
2407054,FT01,250,2025-09-01,Unpaid,
2409043,FT01,250,2025-09-01,Unpaid,
2403030,FT01,250,2025-09-01,Unpaid,
2412034,FT01,250,2025-09-01,Unpaid,
2410059,FT01,250,2025-09-01,Unpaid,
2409050,FT01,250,2025-09-01,Unpaid,
2408026,FT01,250,2025-09-01,Unpaid,
2402029,FT01,250,2025-09-01,Unpaid,
2408054,FT01,250,2025-09-01,Unpaid,
2401026,FT01,250,2025-09-01,Unpaid,
2408047,FT01,250,2025-09-01,Unpaid,
2404023,FT01,250,2025-09-01,Unpaid,
2412025,FT01,250,2025-09-01,Unpaid,
2402056,FT01,250,2025-09-01,Unpaid,
2411046,FT01,250,2025-09-01,Unpaid,
2409055,FT01,250,2025-09-01,Unpaid,
2402039,FT01,250,2025-09-01,Unpaid,
2409046,FT01,250,2025-09-01,Unpaid,
2407052,FT01,250,2025-09-01,Unpaid,
2409030,FT01,250,2025-09-01,Unpaid,
2408049,FT01,250,2025-09-01,Unpaid,
2405032,FT01,250,2025-09-01,Unpaid,
2406034,FT01,250,2025-09-01,Unpaid,
2405027,FT01,250,2025-09-01,Unpaid,
2412036,FT01,250,2025-09-01,Unpaid,
2403044,FT01,250,2025-09-01,Unpaid,
2403058,FT01,250,2025-09-01,Unpaid,
2403036,FT01,250,2025-09-01,Unpaid,
2401059,FT01,250,2025-09-01,Unpaid,
2406047,FT01,250,2025-09-01,Unpaid,
2412060,FT01,250,2025-09-01,Unpaid,
2408028,FT01,250,2025-09-01,Unpaid,
2407037,FT01,250,2025-09-01,Unpaid,
2405054,FT01,250,2025-09-01,Unpaid,
2409039,FT01,250,2025-09-01,Unpaid,
2411055,FT01,250,2025-09-01,Unpaid,
2409021,FT01,250,2025-09-01,Unpaid,
2401055,FT01,250,2025-09-01,Unpaid,
2401027,FT01,250,2025-09-01,Unpaid,
2410040,FT01,250,2025-09-01,Unpaid,
2402023,FT01,250,2025-09-01,Unpaid,
2412043,FT01,250,2025-09-01,Unpaid,
2410031,FT01,250,2025-09-01,Unpaid,
2403025,FT01,250,2025-09-01,Unpaid,
2410058,FT01,250,2025-09-01,Unpaid,
2408040,FT01,250,2025-09-01,Unpaid,
2406053,FT01,250,2025-09-01,Unpaid,
2401040,FT01,250,2025-09-01,Unpaid,
2410049,FT01,250,2025-09-01,Unpaid,
2401048,FT01,250,2025-09-01,Unpaid,
2406023,FT01,250,2025-09-01,Unpaid,
2404045,FT01,250,2025-09-01,Unpaid,
2411023,FT01,250,2025-09-01,Unpaid,
2408031,FT01,250,2025-09-01,Unpaid,
2402045,FT01,250,2025-09-01,Unpaid,
2404054,FT01,250,2025-09-01,Unpaid,
2410026,FT01,250,2025-09-01,Unpaid,
2411038,FT01,250,2025-09-01,Unpaid,
2405058,FT01,250,2025-09-01,Unpaid,
2407042,FT01,250,2025-09-01,Unpaid,
2404040,FT01,250,2025-09-01,Unpaid,
2412051,FT01,250,2025-09-01,Unpaid,
2405044,FT01,250,2025-09-01,Unpaid,
2408060,FT01,250,2025-09-01,Unpaid,
2407029,FT01,250,2025-09-01,Unpaid,
2407048,FT01,250,2025-09-01,Unpaid,
2403034,FT01,250,2025-09-01,Unpaid,
2410035,FT01,250,2025-09-01,Unpaid,
2410045,FT01,250,2025-09-01,Unpaid,
2402037,FT01,250,2025-09-01,Unpaid,
2409051,FT01,250,2025-09-01,Unpaid,
2405040,FT01,250,2025-09-01,Unpaid,
2406028,FT01,250,2025-09-01,Unpaid,
2405053,FT01,250,2025-09-01,Unpaid,
2405029,FT01,250,2025-09-01,Unpaid,
2403028,FT01,250,2025-09-01,Unpaid,
2410060,FT01,250,2025-09-01,Unpaid,
2408025,FT01,250,2025-09-01,Unpaid,
2412059,FT01,250,2025-09-01,Unpaid,
2404032,FT01,250,2025-09-01,Unpaid,
2401028,FT01,250,2025-09-01,Unpaid,
2412024,FT01,250,2025-09-01,Unpaid,
2404052,FT01,250,2025-09-01,Unpaid,
2409029,FT01,250,2025-09-01,Unpaid,
2412033,FT01,250,2025-09-01,Unpaid,
2403053,FT01,250,2025-09-01,Unpaid,
2409057,FT01,250,2025-09-01,Unpaid,
2411057,FT01,250,2025-09-01,Unpaid,
2402053,FT01,250,2025-09-01,Unpaid,
2404041,FT01,250,2025-09-01,Unpaid,
2412041,FT01,250,2025-09-01,Unpaid,
2406045,FT01,250,2025-09-01,Unpaid,
2405045,FT01,250,2025-09-01,Unpaid,
2411037,FT01,250,2025-09-01,Unpaid,
2404029,FT01,250,2025-09-01,Unpaid,
2405033,FT01,250,2025-09-01,Unpaid,
2402022,FT01,250,2025-09-01,Unpaid,
2406054,FT01,250,2025-09-01,Unpaid,
2407057,FT01,250,2025-09-01,Unpaid,
2410051,FT01,250,2025-09-01,Unpaid,
2407027,FT01,250,2025-09-01,Unpaid,
2409032,FT01,250,2025-09-01,Unpaid,
2402044,FT01,250,2025-09-01,Unpaid,
2408032,FT01,250,2025-09-01,Unpaid,
2401060,FT01,250,2025-09-01,Unpaid,
2408042,FT01,250,2025-09-01,Unpaid,
2410024,FT01,250,2025-09-01,Unpaid,
2411048,FT01,250,2025-09-01,Unpaid,
2403045,FT01,250,2025-09-01,Unpaid,
2408051,FT01,250,2025-09-01,Unpaid,
2406037,FT01,250,2025-09-01,Unpaid,
2407039,FT01,250,2025-09-01,Unpaid,
2412048,FT01,250,2025-09-01,Unpaid,
2411021,FT01,250,2025-09-01,Unpaid,
2409040,FT01,250,2025-09-01,Unpaid,
2405038,FT01,250,2025-09-01,Unpaid,
2408055,FT01,250,2025-09-01,Unpaid,
2411024,FT01,250,2025-09-01,Unpaid,
2409048,FT01,250,2025-09-01,Unpaid,
2412023,FT01,250,2025-09-01,Unpaid,
2407028,FT01,250,2025-09-01,Unpaid,
2408044,FT01,250,2025-09-01,Unpaid,
2405024,FT01,250,2025-09-01,Unpaid,
2411031,FT01,250,2025-09-01,Unpaid,
2409060,FT01,250,2025-09-01,Unpaid,
2405060,FT01,250,2025-09-01,Unpaid,
2402046,FT01,250,2025-09-01,Unpaid,
2403060,FT01,250,2025-09-01,Unpaid,
2412039,FT01,250,2025-09-01,Unpaid,
2402036,FT01,250,2025-09-01,Unpaid,
2410056,FT01,250,2025-09-01,Unpaid,
2410038,FT01,250,2025-09-01,Unpaid,
2406052,FT01,250,2025-09-01,Unpaid,
2406042,FT01,250,2025-09-01,Unpaid,
2402021,FT01,250,2025-09-01,Unpaid,
2404047,FT01,250,2025-09-01,Unpaid,
2407041,FT01,250,2025-09-01,Unpaid,
2410048,FT01,250,2025-09-01,Unpaid,
2406021,FT01,250,2025-09-01,Unpaid,
2404038,FT01,250,2025-09-01,Unpaid,
2402054,FT01,250,2025-09-01,Unpaid,
2411059,FT01,250,2025-09-01,Unpaid,
2403032,FT01,250,2025-09-01,Unpaid,
2409042,FT01,250,2025-09-01,Unpaid,
2401029,FT01,250,2025-09-01,Unpaid,
2408033,FT01,250,2025-09-01,Unpaid,
2406032,FT01,250,2025-09-01,Unpaid,
2403051,FT01,250,2025-09-01,Unpaid,
2409025,FT01,250,2025-09-01,Unpaid,
2405048,FT01,250,2025-09-01,Unpaid,
2411040,FT01,250,2025-09-01,Unpaid,
2404057,FT01,250,2025-09-01,Unpaid,
2410023,FT01,250,2025-09-01,Unpaid,
2403027,FT01,250,2025-09-01,Unpaid,
2407056,FT01,250,2025-09-01,Unpaid,
2403042,FT01,250,2025-09-01,Unpaid,
2408024,FT01,250,2025-09-01,Unpaid,
2411051,FT01,250,2025-09-01,Unpaid,
2409033,FT01,250,2025-09-01,Unpaid,
2412050,FT01,250,2025-09-01,Unpaid,
2412056,FT01,250,2025-09-01,Unpaid,
2404021,FT01,250,2025-09-01,Unpaid,
2212032,FT01,250,2025-09-01,Unpaid,
2212055,FT01,250,2025-09-01,Unpaid,
