student_id,hall_id,room_number,resident,assigned_on
2508052,1,1,true,2025-06-26T12:44:32.549Z
2409026,1,1,true,2025-06-26T12:44:32.555Z
2301036,1,1,true,2025-06-26T12:44:32.556Z
2407055,1,1,true,2025-06-26T12:44:32.557Z
2209035,1,1,true,2025-06-26T12:44:32.557Z
2501023,2,1,true,2025-06-26T12:44:32.558Z
2310058,2,1,true,2025-06-26T12:44:32.558Z
2211046,2,1,true,2025-06-26T12:44:32.559Z
2306037,2,1,true,2025-06-26T12:44:32.559Z
2306057,2,1,true,2025-06-26T12:44:32.560Z
2207036,3,1,true,2025-06-26T12:44:32.560Z
2507043,3,1,true,2025-06-26T12:44:32.561Z
2202058,3,1,true,2025-06-26T12:44:32.561Z
2502058,3,1,true,2025-06-26T12:44:32.561Z
2503053,3,1,true,2025-06-26T12:44:32.562Z
2504060,4,1,true,2025-06-26T12:44:32.562Z
2311038,4,1,true,2025-06-26T12:44:32.562Z
2209051,4,1,true,2025-06-26T12:44:32.562Z
2412031,4,1,true,2025-06-26T12:44:32.563Z
2403029,4,1,true,2025-06-26T12:44:32.563Z
2311029,6,1,true,2025-06-26T12:44:32.563Z
2302023,6,1,true,2025-06-26T12:44:32.564Z
2301058,6,1,true,2025-06-26T12:44:32.564Z
2509055,6,1,true,2025-06-26T12:44:32.564Z
2408056,6,1,true,2025-06-26T12:44:32.565Z
2304046,1,2,true,2025-06-26T12:44:32.565Z
2512031,1,2,true,2025-06-26T12:44:32.565Z
2304027,1,2,true,2025-06-26T12:44:32.566Z
2512056,1,,false,2025-06-26T12:44:32.566Z
2411041,1,2,true,2025-06-26T12:44:32.567Z
2211054,2,2,true,2025-06-26T12:44:32.567Z
2311045,2,2,true,2025-06-26T12:44:32.567Z
2304057,2,2,true,2025-06-26T12:44:32.567Z
2407048,2,2,true,2025-06-26T12:44:32.568Z
2407043,2,2,true,2025-06-26T12:44:32.568Z
2212025,3,2,true,2025-06-26T12:44:32.568Z
2202046,3,2,true,2025-06-26T12:44:32.569Z
2301026,3,2,true,2025-06-26T12:44:32.569Z
2507037,3,2,true,2025-06-26T12:44:32.569Z
2509054,3,2,true,2025-06-26T12:44:32.569Z
2509046,4,2,true,2025-06-26T12:44:32.570Z
2301048,4,2,true,2025-06-26T12:44:32.570Z
2505023,4,2,true,2025-06-26T12:44:32.570Z
2402034,4,2,true,2025-06-26T12:44:32.571Z
2303060,4,2,true,2025-06-26T12:44:32.571Z
2207054,6,,false,2025-06-26T12:44:32.571Z
2509051,6,2,true,2025-06-26T12:44:32.571Z
2308040,6,2,true,2025-06-26T12:44:32.571Z
2403034,6,2,true,2025-06-26T12:44:32.572Z
2502044,6,2,true,2025-06-26T12:44:32.572Z
2307027,1,3,true,2025-06-26T12:44:32.572Z
2210040,1,3,true,2025-06-26T12:44:32.572Z
2207045,1,3,true,2025-06-26T12:44:32.573Z
2203032,1,3,true,2025-06-26T12:44:32.573Z
2410027,1,3,true,2025-06-26T12:44:32.573Z
2303040,2,3,true,2025-06-26T12:44:32.573Z
2409028,2,,false,2025-06-26T12:44:32.573Z
2302037,2,3,true,2025-06-26T12:44:32.574Z
2410022,2,3,true,2025-06-26T12:44:32.574Z
2301056,2,3,true,2025-06-26T12:44:32.574Z
2407050,3,3,true,2025-06-26T12:44:32.574Z
2504054,3,3,true,2025-06-26T12:44:32.574Z
2309056,3,,false,2025-06-26T12:44:32.575Z
2209022,3,3,true,2025-06-26T12:44:32.575Z
2405038,3,3,true,2025-06-26T12:44:32.575Z
2404023,4,3,true,2025-06-26T12:44:32.575Z
2508022,4,,false,2025-06-26T12:44:32.576Z
2311052,4,3,true,2025-06-26T12:44:32.576Z
2407035,4,3,true,2025-06-26T12:44:32.576Z
2408055,4,3,true,2025-06-26T12:44:32.576Z
2410035,6,3,true,2025-06-26T12:44:32.576Z
2309058,6,3,true,2025-06-26T12:44:32.577Z
2203056,6,3,true,2025-06-26T12:44:32.577Z
2405023,6,3,true,2025-06-26T12:44:32.577Z
2512050,6,3,true,2025-06-26T12:44:32.577Z
2203054,1,4,true,2025-06-26T12:44:32.577Z
2506039,1,,false,2025-06-26T12:44:32.577Z
2404048,1,4,true,2025-06-26T12:44:32.578Z
2408045,1,4,true,2025-06-26T12:44:32.578Z
2509058,1,4,true,2025-06-26T12:44:32.578Z
2206026,2,4,true,2025-06-26T12:44:32.578Z
2502053,2,4,true,2025-06-26T12:44:32.579Z
2304054,2,4,true,2025-06-26T12:44:32.579Z
2409022,2,4,true,2025-06-26T12:44:32.579Z
2503037,2,4,true,2025-06-26T12:44:32.579Z
2312059,3,4,true,2025-06-26T12:44:32.579Z
2401051,3,4,true,2025-06-26T12:44:32.580Z
2309031,3,4,true,2025-06-26T12:44:32.580Z
2312043,3,4,true,2025-06-26T12:44:32.580Z
2312035,3,4,true,2025-06-26T12:44:32.580Z
2306043,4,4,true,2025-06-26T12:44:32.580Z
2308035,4,4,true,2025-06-26T12:44:32.581Z
2206038,4,4,true,2025-06-26T12:44:32.581Z
2509050,4,4,true,2025-06-26T12:44:32.581Z
2508039,4,4,true,2025-06-26T12:44:32.581Z
2503041,6,4,true,2025-06-26T12:44:32.581Z
2211031,6,4,true,2025-06-26T12:44:32.581Z
2311024,6,4,true,2025-06-26T12:44:32.582Z
2212024,6,4,true,2025-06-26T12:44:32.582Z
2403057,6,4,true,2025-06-26T12:44:32.582Z
2408039,1,5,true,2025-06-26T12:44:32.582Z
2209052,1,5,true,2025-06-26T12:44:32.583Z
2509032,1,5,true,2025-06-26T12:44:32.583Z
2412025,1,,false,2025-06-26T12:44:32.583Z
2210053,1,5,true,2025-06-26T12:44:32.583Z
2202055,2,5,true,2025-06-26T12:44:32.584Z
2506052,2,5,true,2025-06-26T12:44:32.584Z
2304051,2,,false,2025-06-26T12:44:32.584Z
2510023,2,5,true,2025-06-26T12:44:32.584Z
2406051,2,5,true,2025-06-26T12:44:32.584Z
2510054,3,5,true,2025-06-26T12:44:32.585Z
2402047,3,5,true,2025-06-26T12:44:32.585Z
2203040,3,5,true,2025-06-26T12:44:32.585Z
2411024,3,5,true,2025-06-26T12:44:32.585Z
2402051,3,5,true,2025-06-26T12:44:32.585Z
2311035,4,5,true,2025-06-26T12:44:32.585Z
2310024,4,5,true,2025-06-26T12:44:32.586Z
2306036,4,5,true,2025-06-26T12:44:32.586Z
2311058,4,5,true,2025-06-26T12:44:32.586Z
2202025,4,5,true,2025-06-26T12:44:32.586Z
2203033,6,5,true,2025-06-26T12:44:32.586Z
2511039,6,5,true,2025-06-26T12:44:32.586Z
2402041,6,5,true,2025-06-26T12:44:32.587Z
2507049,6,5,true,2025-06-26T12:44:32.587Z
2206037,6,5,true,2025-06-26T12:44:32.587Z
2402056,1,6,true,2025-06-26T12:44:32.587Z
2207025,1,6,true,2025-06-26T12:44:32.587Z
2411045,1,6,true,2025-06-26T12:44:32.587Z
2508041,1,6,true,2025-06-26T12:44:32.587Z
2204024,1,6,true,2025-06-26T12:44:32.588Z
2312057,2,6,true,2025-06-26T12:44:32.588Z
2412035,2,6,true,2025-06-26T12:44:32.588Z
2501059,2,6,true,2025-06-26T12:44:32.588Z
2507040,2,6,true,2025-06-26T12:44:32.588Z
2311025,2,6,true,2025-06-26T12:44:32.588Z
2501027,3,6,true,2025-06-26T12:44:32.588Z
2411026,3,6,true,2025-06-26T12:44:32.589Z
2406036,3,6,true,2025-06-26T12:44:32.589Z
2403035,3,6,true,2025-06-26T12:44:32.589Z
2304037,3,6,true,2025-06-26T12:44:32.589Z
2412057,4,6,true,2025-06-26T12:44:32.589Z
2410045,4,6,true,2025-06-26T12:44:32.589Z
2209023,4,6,true,2025-06-26T12:44:32.589Z
2508034,4,6,true,2025-06-26T12:44:32.590Z
2301025,4,6,true,2025-06-26T12:44:32.590Z
2210028,6,6,true,2025-06-26T12:44:32.590Z
2503024,6,6,true,2025-06-26T12:44:32.590Z
2411046,6,6,true,2025-06-26T12:44:32.590Z
2201035,6,6,true,2025-06-26T12:44:32.590Z
2206042,6,6,true,2025-06-26T12:44:32.590Z
2208040,1,7,true,2025-06-26T12:44:32.591Z
2303022,1,7,true,2025-06-26T12:44:32.591Z
2203059,1,7,true,2025-06-26T12:44:32.591Z
2412058,1,7,true,2025-06-26T12:44:32.591Z
2509037,1,7,true,2025-06-26T12:44:32.591Z
2503051,2,7,true,2025-06-26T12:44:32.591Z
2210049,2,7,true,2025-06-26T12:44:32.591Z
2211047,2,7,true,2025-06-26T12:44:32.591Z
2304028,2,7,true,2025-06-26T12:44:32.592Z
2508029,2,,false,2025-06-26T12:44:32.592Z
2302056,3,,false,2025-06-26T12:44:32.592Z
2409055,3,7,true,2025-06-26T12:44:32.592Z
2212032,3,7,true,2025-06-26T12:44:32.592Z
2311047,3,7,true,2025-06-26T12:44:32.592Z
2306040,3,7,true,2025-06-26T12:44:32.592Z
2301060,4,7,true,2025-06-26T12:44:32.592Z
2403026,4,7,true,2025-06-26T12:44:32.593Z
2204022,4,7,true,2025-06-26T12:44:32.593Z
2507028,4,7,true,2025-06-26T12:44:32.593Z
2505025,4,7,true,2025-06-26T12:44:32.593Z
2206024,6,7,true,2025-06-26T12:44:32.593Z
2402039,6,7,true,2025-06-26T12:44:32.593Z
2502032,6,7,true,2025-06-26T12:44:32.593Z
2203041,6,7,true,2025-06-26T12:44:32.594Z
2304036,6,7,true,2025-06-26T12:44:32.594Z
2307023,1,8,true,2025-06-26T12:44:32.594Z
2406059,1,8,true,2025-06-26T12:44:32.594Z
2508054,1,8,true,2025-06-26T12:44:32.594Z
2211032,1,8,true,2025-06-26T12:44:32.594Z
2304029,1,8,true,2025-06-26T12:44:32.594Z
2209058,2,,false,2025-06-26T12:44:32.594Z
2510055,2,8,true,2025-06-26T12:44:32.594Z
2311050,2,,false,2025-06-26T12:44:32.595Z
2506043,2,8,true,2025-06-26T12:44:32.595Z
2511037,2,8,true,2025-06-26T12:44:32.595Z
2309036,3,8,true,2025-06-26T12:44:32.595Z
2405039,3,8,true,2025-06-26T12:44:32.595Z
2202056,3,,false,2025-06-26T12:44:32.595Z
2409046,3,8,true,2025-06-26T12:44:32.595Z
2309044,3,8,true,2025-06-26T12:44:32.595Z
2212041,4,8,true,2025-06-26T12:44:32.596Z
2411058,4,,false,2025-06-26T12:44:32.596Z
2204051,4,8,true,2025-06-26T12:44:32.596Z
2211030,4,8,true,2025-06-26T12:44:32.596Z
2301044,4,,false,2025-06-26T12:44:32.596Z
2306023,6,8,true,2025-06-26T12:44:32.596Z
2401035,6,8,true,2025-06-26T12:44:32.596Z
2502047,6,8,true,2025-06-26T12:44:32.596Z
2311046,6,8,true,2025-06-26T12:44:32.597Z
2203028,6,8,true,2025-06-26T12:44:32.597Z
2405051,1,9,true,2025-06-26T12:44:32.597Z
2504043,1,9,true,2025-06-26T12:44:32.597Z
2304042,1,9,true,2025-06-26T12:44:32.597Z
2501060,1,9,true,2025-06-26T12:44:32.597Z
2508023,1,9,true,2025-06-26T12:44:32.597Z
2411052,2,9,true,2025-06-26T12:44:32.598Z
2408035,2,9,true,2025-06-26T12:44:32.598Z
2505040,2,9,true,2025-06-26T12:44:32.598Z
2504048,2,9,true,2025-06-26T12:44:32.598Z
2401043,2,9,true,2025-06-26T12:44:32.598Z
2507041,3,9,true,2025-06-26T12:44:32.598Z
2210027,3,9,true,2025-06-26T12:44:32.599Z
2309050,3,9,true,2025-06-26T12:44:32.599Z
2308045,3,9,true,2025-06-26T12:44:32.599Z
2501022,3,9,true,2025-06-26T12:44:32.599Z
2405055,4,9,true,2025-06-26T12:44:32.599Z
2512049,4,9,true,2025-06-26T12:44:32.599Z
2407025,4,9,true,2025-06-26T12:44:32.599Z
2212060,4,9,true,2025-06-26T12:44:32.599Z
2405030,4,9,true,2025-06-26T12:44:32.599Z
2504052,6,9,true,2025-06-26T12:44:32.600Z
2407033,6,9,true,2025-06-26T12:44:32.600Z
2302024,6,9,true,2025-06-26T12:44:32.600Z
2510059,6,,false,2025-06-26T12:44:32.600Z
2312047,6,9,true,2025-06-26T12:44:32.600Z
2407034,1,10,true,2025-06-26T12:44:32.600Z
2201052,1,10,true,2025-06-26T12:44:32.600Z
2406049,1,10,true,2025-06-26T12:44:32.600Z
2502028,1,10,true,2025-06-26T12:44:32.601Z
2209034,1,10,true,2025-06-26T12:44:32.601Z
2404022,2,10,true,2025-06-26T12:44:32.601Z
2307041,2,10,true,2025-06-26T12:44:32.601Z
2207042,2,10,true,2025-06-26T12:44:32.601Z
2409027,2,10,true,2025-06-26T12:44:32.601Z
2311039,2,10,true,2025-06-26T12:44:32.601Z
2409048,3,10,true,2025-06-26T12:44:32.602Z
2303048,3,10,true,2025-06-26T12:44:32.602Z
2309043,3,10,true,2025-06-26T12:44:32.602Z
2503040,3,10,true,2025-06-26T12:44:32.602Z
2511049,3,10,true,2025-06-26T12:44:32.602Z
2407052,4,10,true,2025-06-26T12:44:32.602Z
2201022,4,10,true,2025-06-26T12:44:32.602Z
2210037,4,10,true,2025-06-26T12:44:32.602Z
2505056,4,,false,2025-06-26T12:44:32.603Z
2303028,4,10,true,2025-06-26T12:44:32.603Z
2505022,6,10,true,2025-06-26T12:44:32.603Z
2409030,6,10,true,2025-06-26T12:44:32.603Z
2408049,6,10,true,2025-06-26T12:44:32.603Z
2508036,6,10,true,2025-06-26T12:44:32.603Z
2402032,6,10,true,2025-06-26T12:44:32.603Z
2211040,1,11,true,2025-06-26T12:44:32.603Z
2506025,1,11,true,2025-06-26T12:44:32.604Z
2303038,1,11,true,2025-06-26T12:44:32.604Z
2510040,1,,false,2025-06-26T12:44:32.604Z
2512024,1,11,true,2025-06-26T12:44:32.604Z
2207023,2,11,true,2025-06-26T12:44:32.604Z
2206025,2,11,true,2025-06-26T12:44:32.604Z
2404043,2,,false,2025-06-26T12:44:32.604Z
2510060,2,11,true,2025-06-26T12:44:32.604Z
2203053,2,11,true,2025-06-26T12:44:32.605Z
2310053,3,11,true,2025-06-26T12:44:32.605Z
2203052,3,11,true,2025-06-26T12:44:32.605Z
2411032,3,11,true,2025-06-26T12:44:32.605Z
2312039,3,,false,2025-06-26T12:44:32.605Z
2308056,3,11,true,2025-06-26T12:44:32.605Z
2301022,4,11,true,2025-06-26T12:44:32.605Z
2402037,4,11,true,2025-06-26T12:44:32.606Z
2502052,4,11,true,2025-06-26T12:44:32.606Z
2206022,4,,false,2025-06-26T12:44:32.606Z
2204025,4,11,true,2025-06-26T12:44:32.606Z
2309047,6,11,true,2025-06-26T12:44:32.606Z
2201046,6,11,true,2025-06-26T12:44:32.606Z
2409051,6,11,true,2025-06-26T12:44:32.606Z
2312036,6,11,true,2025-06-26T12:44:32.606Z
2507046,6,11,true,2025-06-26T12:44:32.607Z
2208053,1,12,true,2025-06-26T12:44:32.607Z
2412028,1,12,true,2025-06-26T12:44:32.607Z
2404033,1,12,true,2025-06-26T12:44:32.607Z
2412023,1,12,true,2025-06-26T12:44:32.607Z
2411050,1,12,true,2025-06-26T12:44:32.607Z
2301029,2,12,true,2025-06-26T12:44:32.607Z
2201024,2,12,true,2025-06-26T12:44:32.607Z
2212049,2,12,true,2025-06-26T12:44:32.608Z
2202049,2,12,true,2025-06-26T12:44:32.608Z
2411030,2,,false,2025-06-26T12:44:32.608Z
2202042,3,12,true,2025-06-26T12:44:32.608Z
2512035,3,12,true,2025-06-26T12:44:32.608Z
2309027,3,12,true,2025-06-26T12:44:32.608Z
2212053,3,12,true,2025-06-26T12:44:32.608Z
2508050,3,12,true,2025-06-26T12:44:32.608Z
2406040,4,12,true,2025-06-26T12:44:32.609Z
2310056,4,12,true,2025-06-26T12:44:32.609Z
2404031,4,12,true,2025-06-26T12:44:32.609Z
2504049,4,12,true,2025-06-26T12:44:32.609Z
2507044,4,12,true,2025-06-26T12:44:32.609Z
2306044,6,12,true,2025-06-26T12:44:32.609Z
2306046,6,12,true,2025-06-26T12:44:32.609Z
2207029,6,12,true,2025-06-26T12:44:32.609Z
2411035,6,12,true,2025-06-26T12:44:32.609Z
2304023,6,12,true,2025-06-26T12:44:32.610Z
2209057,1,13,true,2025-06-26T12:44:32.610Z
2407028,1,13,true,2025-06-26T12:44:32.610Z
2510049,1,,false,2025-06-26T12:44:32.610Z
2212021,1,13,true,2025-06-26T12:44:32.610Z
2405040,1,,false,2025-06-26T12:44:32.610Z
2407031,2,13,true,2025-06-26T12:44:32.610Z
2308031,2,13,true,2025-06-26T12:44:32.611Z
2306038,2,13,true,2025-06-26T12:44:32.611Z
2311043,2,13,true,2025-06-26T12:44:32.611Z
2201021,2,13,true,2025-06-26T12:44:32.611Z
2201053,3,13,true,2025-06-26T12:44:32.611Z
2502031,3,13,true,2025-06-26T12:44:32.611Z
2401045,3,13,true,2025-06-26T12:44:32.611Z
2403054,3,,false,2025-06-26T12:44:32.611Z
2408044,3,13,true,2025-06-26T12:44:32.611Z
2312051,4,13,true,2025-06-26T12:44:32.612Z
2509033,4,13,true,2025-06-26T12:44:32.612Z
2211028,4,13,true,2025-06-26T12:44:32.612Z
2503030,4,13,true,2025-06-26T12:44:32.612Z
2306052,4,13,true,2025-06-26T12:44:32.612Z
2202032,6,13,true,2025-06-26T12:44:32.612Z
2503044,6,13,true,2025-06-26T12:44:32.612Z
2302053,6,13,true,2025-06-26T12:44:32.612Z
2405024,6,13,true,2025-06-26T12:44:32.612Z
2206027,6,13,true,2025-06-26T12:44:32.613Z
2404046,1,14,true,2025-06-26T12:44:32.613Z
2407030,1,14,true,2025-06-26T12:44:32.613Z
2512028,1,14,true,2025-06-26T12:44:32.613Z
2401049,1,14,true,2025-06-26T12:44:32.613Z
2303057,1,14,true,2025-06-26T12:44:32.613Z
2209030,2,14,true,2025-06-26T12:44:32.613Z
2401053,2,14,true,2025-06-26T12:44:32.613Z
2406046,2,14,true,2025-06-26T12:44:32.613Z
2505044,2,14,true,2025-06-26T12:44:32.614Z
2405032,2,14,true,2025-06-26T12:44:32.614Z
2304043,3,14,true,2025-06-26T12:44:32.614Z
2405035,3,14,true,2025-06-26T12:44:32.614Z
2506040,3,14,true,2025-06-26T12:44:32.614Z
2204040,3,14,true,2025-06-26T12:44:32.614Z
2504024,3,14,true,2025-06-26T12:44:32.614Z
2505036,4,14,true,2025-06-26T12:44:32.614Z
2508047,4,,false,2025-06-26T12:44:32.615Z
2407047,4,14,true,2025-06-26T12:44:32.615Z
2210048,4,14,true,2025-06-26T12:44:32.615Z
2308052,4,14,true,2025-06-26T12:44:32.615Z
2308049,6,14,true,2025-06-26T12:44:32.615Z
2308037,6,14,true,2025-06-26T12:44:32.615Z
2311026,6,14,true,2025-06-26T12:44:32.615Z
2501033,6,14,true,2025-06-26T12:44:32.615Z
2406029,6,,false,2025-06-26T12:44:32.615Z
2506023,1,15,true,2025-06-26T12:44:32.616Z
2409052,1,15,true,2025-06-26T12:44:32.616Z
2310047,1,15,true,2025-06-26T12:44:32.616Z
2208056,1,15,true,2025-06-26T12:44:32.616Z
2502023,1,15,true,2025-06-26T12:44:32.616Z
2304026,2,15,true,2025-06-26T12:44:32.616Z
2511059,2,,false,2025-06-26T12:44:32.616Z
2202021,2,15,true,2025-06-26T12:44:32.616Z
2211053,2,15,true,2025-06-26T12:44:32.617Z
2312049,2,15,true,2025-06-26T12:44:32.617Z
2206040,3,15,true,2025-06-26T12:44:32.617Z
2411033,3,15,true,2025-06-26T12:44:32.617Z
2403022,3,15,true,2025-06-26T12:44:32.617Z
2411031,3,15,true,2025-06-26T12:44:32.617Z
2508032,3,15,true,2025-06-26T12:44:32.617Z
2510058,4,15,true,2025-06-26T12:44:32.617Z
2211034,4,15,true,2025-06-26T12:44:32.617Z
2508048,4,15,true,2025-06-26T12:44:32.618Z
2401038,4,,false,2025-06-26T12:44:32.618Z
2407051,4,15,true,2025-06-26T12:44:32.618Z
2502041,6,15,true,2025-06-26T12:44:32.618Z
2210036,6,15,true,2025-06-26T12:44:32.618Z
2407038,6,15,true,2025-06-26T12:44:32.618Z
2409060,6,15,true,2025-06-26T12:44:32.618Z
2303045,6,15,true,2025-06-26T12:44:32.618Z
2412052,1,16,true,2025-06-26T12:44:32.619Z
2310035,1,16,true,2025-06-26T12:44:32.619Z
2504045,1,16,true,2025-06-26T12:44:32.619Z
2204029,1,16,true,2025-06-26T12:44:32.619Z
2201043,1,16,true,2025-06-26T12:44:32.619Z
2412022,2,16,true,2025-06-26T12:44:32.619Z
2207027,2,16,true,2025-06-26T12:44:32.619Z
2307025,2,16,true,2025-06-26T12:44:32.619Z
2505031,2,,false,2025-06-26T12:44:32.619Z
2201049,2,16,true,2025-06-26T12:44:32.620Z
2503023,3,16,true,2025-06-26T12:44:32.620Z
2505035,3,16,true,2025-06-26T12:44:32.620Z
2307048,3,16,true,2025-06-26T12:44:32.620Z
2511040,3,16,true,2025-06-26T12:44:32.620Z
2408041,3,16,true,2025-06-26T12:44:32.620Z
2505050,4,16,true,2025-06-26T12:44:32.620Z
2503027,4,16,true,2025-06-26T12:44:32.620Z
2211050,4,16,true,2025-06-26T12:44:32.621Z
2210058,4,16,true,2025-06-26T12:44:32.621Z
2308033,4,16,true,2025-06-26T12:44:32.621Z
2507048,6,16,true,2025-06-26T12:44:32.621Z
2503042,6,16,true,2025-06-26T12:44:32.621Z
2510039,6,16,true,2025-06-26T12:44:32.621Z
2203035,6,16,true,2025-06-26T12:44:32.621Z
2406028,6,16,true,2025-06-26T12:44:32.621Z
2202052,1,17,true,2025-06-26T12:44:32.621Z
2303023,1,,false,2025-06-26T12:44:32.622Z
2312052,1,17,true,2025-06-26T12:44:32.622Z
2201050,1,17,true,2025-06-26T12:44:32.622Z
2208034,1,17,true,2025-06-26T12:44:32.622Z
2203038,2,17,true,2025-06-26T12:44:32.622Z
2301059,2,17,true,2025-06-26T12:44:32.622Z
2208046,2,17,true,2025-06-26T12:44:32.622Z
2508057,2,17,true,2025-06-26T12:44:32.623Z
2411034,2,17,true,2025-06-26T12:44:32.623Z
2302044,3,17,true,2025-06-26T12:44:32.623Z
2510053,3,17,true,2025-06-26T12:44:32.623Z
2301052,3,17,true,2025-06-26T12:44:32.623Z
2412027,3,17,true,2025-06-26T12:44:32.623Z
2512033,3,,false,2025-06-26T12:44:32.623Z
2512055,4,17,true,2025-06-26T12:44:32.624Z
2306024,4,17,true,2025-06-26T12:44:32.624Z
2501047,4,17,true,2025-06-26T12:44:32.624Z
2511032,4,17,true,2025-06-26T12:44:32.624Z
2406034,4,17,true,2025-06-26T12:44:32.624Z
2405053,6,17,true,2025-06-26T12:44:32.624Z
2405026,6,17,true,2025-06-26T12:44:32.624Z
2405060,6,17,true,2025-06-26T12:44:32.624Z
2206031,6,17,true,2025-06-26T12:44:32.625Z
2506049,6,17,true,2025-06-26T12:44:32.625Z
2209028,1,18,true,2025-06-26T12:44:32.625Z
2307049,1,,false,2025-06-26T12:44:32.625Z
2505028,1,,false,2025-06-26T12:44:32.625Z
2208029,1,18,true,2025-06-26T12:44:32.625Z
2402046,1,18,true,2025-06-26T12:44:32.625Z
2403060,2,18,true,2025-06-26T12:44:32.625Z
2401056,2,18,true,2025-06-26T12:44:32.626Z
2504036,2,18,true,2025-06-26T12:44:32.626Z
2501057,2,18,true,2025-06-26T12:44:32.626Z
2310051,2,,false,2025-06-26T12:44:32.626Z
2308059,3,18,true,2025-06-26T12:44:32.626Z
2511056,3,18,true,2025-06-26T12:44:32.626Z
2503038,3,,false,2025-06-26T12:44:32.626Z
2311055,3,18,true,2025-06-26T12:44:32.626Z
2211025,3,18,true,2025-06-26T12:44:32.627Z
2207021,4,18,true,2025-06-26T12:44:32.627Z
2407049,4,18,true,2025-06-26T12:44:32.627Z
2312055,4,18,true,2025-06-26T12:44:32.627Z
2510033,4,,false,2025-06-26T12:44:32.627Z
2207022,4,18,true,2025-06-26T12:44:32.627Z
2211051,6,,false,2025-06-26T12:44:32.627Z
2508040,6,18,true,2025-06-26T12:44:32.628Z
2312031,6,18,true,2025-06-26T12:44:32.628Z
2508031,6,18,true,2025-06-26T12:44:32.628Z
2408046,6,,false,2025-06-26T12:44:32.628Z
2211056,1,19,true,2025-06-26T12:44:32.628Z
2301033,1,19,true,2025-06-26T12:44:32.628Z
2401030,1,19,true,2025-06-26T12:44:32.628Z
2212031,1,19,true,2025-06-26T12:44:32.629Z
2204054,1,19,true,2025-06-26T12:44:32.629Z
2406038,2,19,true,2025-06-26T12:44:32.629Z
2509025,2,,false,2025-06-26T12:44:32.629Z
2307045,2,19,true,2025-06-26T12:44:32.629Z
2308023,2,19,true,2025-06-26T12:44:32.629Z
2406039,2,19,true,2025-06-26T12:44:32.629Z
2406060,3,19,true,2025-06-26T12:44:32.629Z
2504022,3,19,true,2025-06-26T12:44:32.630Z
2307026,3,19,true,2025-06-26T12:44:32.630Z
2310050,3,19,true,2025-06-26T12:44:32.630Z
2310030,3,19,true,2025-06-26T12:44:32.630Z
2304024,4,19,true,2025-06-26T12:44:32.630Z
2306041,4,,false,2025-06-26T12:44:32.630Z
2303030,4,19,true,2025-06-26T12:44:32.630Z
2507045,4,19,true,2025-06-26T12:44:32.631Z
2207024,4,19,true,2025-06-26T12:44:32.631Z
2203044,6,19,true,2025-06-26T12:44:32.631Z
2407024,6,19,true,2025-06-26T12:44:32.631Z
2506029,6,19,true,2025-06-26T12:44:32.631Z
2204059,6,19,true,2025-06-26T12:44:32.631Z
2507038,6,19,true,2025-06-26T12:44:32.631Z
2503048,1,20,true,2025-06-26T12:44:32.631Z
2312028,1,20,true,2025-06-26T12:44:32.631Z
2208049,1,20,true,2025-06-26T12:44:32.632Z
2310059,1,20,true,2025-06-26T12:44:32.632Z
2207031,1,20,true,2025-06-26T12:44:32.632Z
2309046,2,20,true,2025-06-26T12:44:32.632Z
2304055,2,20,true,2025-06-26T12:44:32.632Z
2202060,2,20,true,2025-06-26T12:44:32.632Z
2406033,2,20,true,2025-06-26T12:44:32.632Z
2507021,2,20,true,2025-06-26T12:44:32.632Z
2510041,3,20,true,2025-06-26T12:44:32.632Z
2208058,3,20,true,2025-06-26T12:44:32.633Z
2311053,3,20,true,2025-06-26T12:44:32.633Z
2507039,3,20,true,2025-06-26T12:44:32.633Z
2402024,3,20,true,2025-06-26T12:44:32.633Z
2405027,4,20,true,2025-06-26T12:44:32.633Z
2501048,4,20,true,2025-06-26T12:44:32.633Z
2409044,4,,false,2025-06-26T12:44:32.633Z
2412039,4,20,true,2025-06-26T12:44:32.633Z
2409035,4,20,true,2025-06-26T12:44:32.633Z
2412036,6,20,true,2025-06-26T12:44:32.634Z
2209055,6,20,true,2025-06-26T12:44:32.634Z
2309024,6,20,true,2025-06-26T12:44:32.634Z
2207052,6,20,true,2025-06-26T12:44:32.634Z
2402060,6,,false,2025-06-26T12:44:32.634Z
2408043,1,21,true,2025-06-26T12:44:32.634Z
2402036,1,21,true,2025-06-26T12:44:32.634Z
2409049,1,21,true,2025-06-26T12:44:32.634Z
2410056,1,21,true,2025-06-26T12:44:32.635Z
2412054,1,21,true,2025-06-26T12:44:32.635Z
2308034,2,21,true,2025-06-26T12:44:32.635Z
2201038,2,21,true,2025-06-26T12:44:32.635Z
2405029,2,21,true,2025-06-26T12:44:32.635Z
2502035,2,21,true,2025-06-26T12:44:32.635Z
2509026,2,21,true,2025-06-26T12:44:32.636Z
2208026,3,21,true,2025-06-26T12:44:32.636Z
2508035,3,21,true,2025-06-26T12:44:32.637Z
2506051,3,21,true,2025-06-26T12:44:32.637Z
2404037,3,21,true,2025-06-26T12:44:32.637Z
2210022,3,21,true,2025-06-26T12:44:32.637Z
2202050,4,21,true,2025-06-26T12:44:32.637Z
2401047,4,21,true,2025-06-26T12:44:32.638Z
2503043,4,21,true,2025-06-26T12:44:32.638Z
2204047,4,21,true,2025-06-26T12:44:32.638Z
2204060,4,21,true,2025-06-26T12:44:32.638Z
2212036,6,21,true,2025-06-26T12:44:32.638Z
2508033,6,21,true,2025-06-26T12:44:32.638Z
2311027,6,21,true,2025-06-26T12:44:32.638Z
2402057,6,21,true,2025-06-26T12:44:32.638Z
2506026,6,21,true,2025-06-26T12:44:32.638Z
2304040,1,22,true,2025-06-26T12:44:32.639Z
2406043,1,22,true,2025-06-26T12:44:32.639Z
2403028,1,22,true,2025-06-26T12:44:32.639Z
2210041,1,22,true,2025-06-26T12:44:32.639Z
2210050,1,22,true,2025-06-26T12:44:32.639Z
2404060,2,22,true,2025-06-26T12:44:32.639Z
2308022,2,22,true,2025-06-26T12:44:32.639Z
2412044,2,22,true,2025-06-26T12:44:32.639Z
2410060,2,22,true,2025-06-26T12:44:32.639Z
2408025,2,22,true,2025-06-26T12:44:32.639Z
2301023,3,22,true,2025-06-26T12:44:32.640Z
2203031,3,22,true,2025-06-26T12:44:32.640Z
2307043,3,22,true,2025-06-26T12:44:32.640Z
2308051,3,22,true,2025-06-26T12:44:32.640Z
2301050,3,22,true,2025-06-26T12:44:32.640Z
2209045,4,22,true,2025-06-26T12:44:32.640Z
2501045,4,22,true,2025-06-26T12:44:32.640Z
2504040,4,22,true,2025-06-26T12:44:32.640Z
2308036,4,22,true,2025-06-26T12:44:32.640Z
2408050,4,22,true,2025-06-26T12:44:32.640Z
2501034,6,22,true,2025-06-26T12:44:32.640Z
2412059,6,22,true,2025-06-26T12:44:32.640Z
2403044,6,22,true,2025-06-26T12:44:32.641Z
2405050,6,22,true,2025-06-26T12:44:32.641Z
2306056,6,22,true,2025-06-26T12:44:32.641Z
2403024,1,23,true,2025-06-26T12:44:32.641Z
2512027,1,23,true,2025-06-26T12:44:32.641Z
2203050,1,23,true,2025-06-26T12:44:32.641Z
2410038,1,23,true,2025-06-26T12:44:32.641Z
2210035,1,,false,2025-06-26T12:44:32.641Z
2508042,2,,false,2025-06-26T12:44:32.641Z
2310038,2,23,true,2025-06-26T12:44:32.641Z
2503058,2,23,true,2025-06-26T12:44:32.641Z
2310039,2,23,true,2025-06-26T12:44:32.642Z
2507023,2,23,true,2025-06-26T12:44:32.642Z
2310055,3,23,true,2025-06-26T12:44:32.642Z
2407046,3,23,true,2025-06-26T12:44:32.642Z
2201037,3,23,true,2025-06-26T12:44:32.642Z
2206028,3,23,true,2025-06-26T12:44:32.642Z
2511031,3,23,true,2025-06-26T12:44:32.642Z
2203029,4,23,true,2025-06-26T12:44:32.642Z
2501026,4,23,true,2025-06-26T12:44:32.642Z
2507056,4,23,true,2025-06-26T12:44:32.642Z
2204034,4,23,true,2025-06-26T12:44:32.643Z
2201039,4,23,true,2025-06-26T12:44:32.643Z
2310054,6,23,true,2025-06-26T12:44:32.643Z
2411027,6,23,true,2025-06-26T12:44:32.643Z
2507025,6,23,true,2025-06-26T12:44:32.643Z
2501058,6,23,true,2025-06-26T12:44:32.643Z
2302048,6,23,true,2025-06-26T12:44:32.643Z
2508058,1,24,true,2025-06-26T12:44:32.643Z
2504034,1,24,true,2025-06-26T12:44:32.643Z
2404032,1,24,true,2025-06-26T12:44:32.643Z
2402052,1,24,true,2025-06-26T12:44:32.643Z
2501046,1,24,true,2025-06-26T12:44:32.643Z
2503031,2,24,true,2025-06-26T12:44:32.643Z
2402027,2,24,true,2025-06-26T12:44:32.643Z
2212028,2,24,true,2025-06-26T12:44:32.643Z
2207055,2,24,true,2025-06-26T12:44:32.644Z
2204030,2,24,true,2025-06-26T12:44:32.644Z
2304033,3,24,true,2025-06-26T12:44:32.644Z
2505043,3,24,true,2025-06-26T12:44:32.644Z
2308055,3,24,true,2025-06-26T12:44:32.644Z
2401028,3,24,true,2025-06-26T12:44:32.644Z
2301046,3,24,true,2025-06-26T12:44:32.644Z
2307028,4,24,true,2025-06-26T12:44:32.644Z
2403059,4,24,true,2025-06-26T12:44:32.644Z
2306051,4,24,true,2025-06-26T12:44:32.644Z
2412024,4,24,true,2025-06-26T12:44:32.644Z
2209036,4,24,true,2025-06-26T12:44:32.644Z
2406057,6,24,true,2025-06-26T12:44:32.644Z
2412040,6,24,true,2025-06-26T12:44:32.644Z
2405028,6,24,true,2025-06-26T12:44:32.645Z
2211052,6,,false,2025-06-26T12:44:32.645Z
2301051,6,24,true,2025-06-26T12:44:32.645Z
2307057,1,25,true,2025-06-26T12:44:32.645Z
2311041,1,25,true,2025-06-26T12:44:32.645Z
2511030,1,25,true,2025-06-26T12:44:32.645Z
2501035,1,25,true,2025-06-26T12:44:32.645Z
2507030,1,25,true,2025-06-26T12:44:32.645Z
2403043,2,25,true,2025-06-26T12:44:32.645Z
2510038,2,25,true,2025-06-26T12:44:32.645Z
2404052,2,,false,2025-06-26T12:44:32.645Z
2510035,2,25,true,2025-06-26T12:44:32.645Z
2505060,2,25,true,2025-06-26T12:44:32.645Z
2210059,3,25,true,2025-06-26T12:44:32.646Z
2506021,3,25,true,2025-06-26T12:44:32.646Z
2506054,3,25,true,2025-06-26T12:44:32.646Z
2503036,3,25,true,2025-06-26T12:44:32.646Z
2301057,3,25,true,2025-06-26T12:44:32.646Z
2405022,4,25,true,2025-06-26T12:44:32.646Z
2406052,4,25,true,2025-06-26T12:44:32.646Z
2506038,4,25,true,2025-06-26T12:44:32.646Z
2212023,4,,false,2025-06-26T12:44:32.646Z
2512038,4,25,true,2025-06-26T12:44:32.646Z
2209056,6,25,true,2025-06-26T12:44:32.646Z
2411053,6,25,true,2025-06-26T12:44:32.646Z
2312056,6,25,true,2025-06-26T12:44:32.647Z
2204021,6,25,true,2025-06-26T12:44:32.647Z
2511053,6,25,true,2025-06-26T12:44:32.647Z
2507059,1,26,true,2025-06-26T12:44:32.647Z
2209041,1,26,true,2025-06-26T12:44:32.647Z
2302058,1,26,true,2025-06-26T12:44:32.647Z
2505024,1,26,true,2025-06-26T12:44:32.647Z
2212034,1,26,true,2025-06-26T12:44:32.647Z
2202043,2,26,true,2025-06-26T12:44:32.647Z
2506057,2,26,true,2025-06-26T12:44:32.647Z
2501042,2,26,true,2025-06-26T12:44:32.647Z
2505051,2,26,true,2025-06-26T12:44:32.647Z
2208052,2,26,true,2025-06-26T12:44:32.647Z
2211022,3,26,true,2025-06-26T12:44:32.647Z
2302045,3,26,true,2025-06-26T12:44:32.647Z
2203025,3,26,true,2025-06-26T12:44:32.648Z
2303049,3,26,true,2025-06-26T12:44:32.648Z
2403058,3,26,true,2025-06-26T12:44:32.648Z
2409029,4,26,true,2025-06-26T12:44:32.648Z
2302042,4,26,true,2025-06-26T12:44:32.648Z
2206060,4,26,true,2025-06-26T12:44:32.648Z
2303025,4,26,true,2025-06-26T12:44:32.648Z
2304058,4,26,true,2025-06-26T12:44:32.648Z
2407060,6,26,true,2025-06-26T12:44:32.648Z
2407053,6,26,true,2025-06-26T12:44:32.648Z
2501051,6,26,true,2025-06-26T12:44:32.648Z
2308048,6,26,true,2025-06-26T12:44:32.648Z
2210021,6,26,true,2025-06-26T12:44:32.649Z
2401023,1,,false,2025-06-26T12:44:32.649Z
2209042,1,27,true,2025-06-26T12:44:32.649Z
2302052,1,27,true,2025-06-26T12:44:32.649Z
2511055,1,27,true,2025-06-26T12:44:32.649Z
2211035,1,,false,2025-06-26T12:44:32.649Z
2312042,2,27,true,2025-06-26T12:44:32.649Z
2506033,2,27,true,2025-06-26T12:44:32.649Z
2310046,2,,false,2025-06-26T12:44:32.649Z
2503052,2,27,true,2025-06-26T12:44:32.649Z
2206036,2,27,true,2025-06-26T12:44:32.649Z
2509036,3,27,true,2025-06-26T12:44:32.649Z
2207032,3,27,true,2025-06-26T12:44:32.649Z
2307044,3,27,true,2025-06-26T12:44:32.649Z
2302035,3,27,true,2025-06-26T12:44:32.650Z
2505037,3,27,true,2025-06-26T12:44:32.650Z
2212051,4,27,true,2025-06-26T12:44:32.650Z
2403036,4,,false,2025-06-26T12:44:32.650Z
2307060,4,27,true,2025-06-26T12:44:32.650Z
2306053,4,27,true,2025-06-26T12:44:32.650Z
2306058,4,27,true,2025-06-26T12:44:32.650Z
2207026,6,27,true,2025-06-26T12:44:32.650Z
2201026,6,27,true,2025-06-26T12:44:32.651Z
2310041,6,,false,2025-06-26T12:44:32.651Z
2510047,6,27,true,2025-06-26T12:44:32.651Z
2210054,6,27,true,2025-06-26T12:44:32.651Z
2312021,1,28,true,2025-06-26T12:44:32.651Z
2203034,1,28,true,2025-06-26T12:44:32.651Z
2505033,1,28,true,2025-06-26T12:44:32.651Z
2405059,1,28,true,2025-06-26T12:44:32.651Z
2406026,1,28,true,2025-06-26T12:44:32.651Z
2304021,2,28,true,2025-06-26T12:44:32.651Z
2510051,2,28,true,2025-06-26T12:44:32.652Z
2312046,2,,false,2025-06-26T12:44:32.652Z
2304032,2,,false,2025-06-26T12:44:32.652Z
2210055,2,28,true,2025-06-26T12:44:32.652Z
2303052,3,28,true,2025-06-26T12:44:32.652Z
2209038,3,,false,2025-06-26T12:44:32.652Z
2401059,3,28,true,2025-06-26T12:44:32.652Z
2406055,3,28,true,2025-06-26T12:44:32.652Z
2501021,3,28,true,2025-06-26T12:44:32.652Z
2512045,4,28,true,2025-06-26T12:44:32.652Z
2409024,4,28,true,2025-06-26T12:44:32.653Z
2505054,4,28,true,2025-06-26T12:44:32.653Z
2511057,4,28,true,2025-06-26T12:44:32.653Z
2208024,4,28,true,2025-06-26T12:44:32.653Z
2406044,6,28,true,2025-06-26T12:44:32.653Z
2506048,6,28,true,2025-06-26T12:44:32.653Z
2312060,6,28,true,2025-06-26T12:44:32.653Z
2406042,6,28,true,2025-06-26T12:44:32.653Z
2503057,6,28,true,2025-06-26T12:44:32.653Z
2510050,1,29,true,2025-06-26T12:44:32.653Z
2306059,1,29,true,2025-06-26T12:44:32.654Z
2308024,1,,false,2025-06-26T12:44:32.654Z
2502036,1,29,true,2025-06-26T12:44:32.654Z
2312026,1,29,true,2025-06-26T12:44:32.654Z
2212046,2,29,true,2025-06-26T12:44:32.654Z
2411039,2,29,true,2025-06-26T12:44:32.654Z
2209054,2,29,true,2025-06-26T12:44:32.654Z
2304041,2,29,true,2025-06-26T12:44:32.654Z
2208022,2,29,true,2025-06-26T12:44:32.654Z
2412037,3,29,true,2025-06-26T12:44:32.655Z
2508046,3,29,true,2025-06-26T12:44:32.655Z
2501030,3,29,true,2025-06-26T12:44:32.655Z
2510028,3,,false,2025-06-26T12:44:32.655Z
2409047,3,29,true,2025-06-26T12:44:32.655Z
2501032,4,,false,2025-06-26T12:44:32.655Z
2505057,4,29,true,2025-06-26T12:44:32.655Z
2503032,4,29,true,2025-06-26T12:44:32.655Z
2511034,4,29,true,2025-06-26T12:44:32.655Z
2302051,4,29,true,2025-06-26T12:44:32.655Z
2211043,6,29,true,2025-06-26T12:44:32.656Z
2402021,6,29,true,2025-06-26T12:44:32.656Z
2202031,6,29,true,2025-06-26T12:44:32.656Z
2405025,6,29,true,2025-06-26T12:44:32.656Z
2410028,6,29,true,2025-06-26T12:44:32.656Z
2406047,1,,false,2025-06-26T12:44:32.656Z
2308030,1,30,true,2025-06-26T12:44:32.656Z
2412032,1,30,true,2025-06-26T12:44:32.656Z
2402050,1,30,true,2025-06-26T12:44:32.656Z
2410033,1,30,true,2025-06-26T12:44:32.657Z
2302050,2,30,true,2025-06-26T12:44:32.657Z
2306055,2,30,true,2025-06-26T12:44:32.657Z
2511025,2,30,true,2025-06-26T12:44:32.657Z
2303042,2,30,true,2025-06-26T12:44:32.657Z
2208039,2,30,true,2025-06-26T12:44:32.657Z
2303037,3,30,true,2025-06-26T12:44:32.657Z
2508060,3,30,true,2025-06-26T12:44:32.657Z
2507032,3,30,true,2025-06-26T12:44:32.657Z
2307022,3,30,true,2025-06-26T12:44:32.657Z
2208051,3,30,true,2025-06-26T12:44:32.658Z
2404034,4,30,true,2025-06-26T12:44:32.658Z
2504051,4,30,true,2025-06-26T12:44:32.658Z
2310029,4,30,true,2025-06-26T12:44:32.658Z
2203046,4,30,true,2025-06-26T12:44:32.658Z
2401052,4,30,true,2025-06-26T12:44:32.658Z
2405036,6,30,true,2025-06-26T12:44:32.658Z
2306060,6,30,true,2025-06-26T12:44:32.658Z
2210044,6,30,true,2025-06-26T12:44:32.658Z
2206029,6,30,true,2025-06-26T12:44:32.658Z
2206041,6,30,true,2025-06-26T12:44:32.659Z
2511029,1,31,true,2025-06-26T12:44:32.659Z
2506050,1,31,true,2025-06-26T12:44:32.659Z
2209050,1,31,true,2025-06-26T12:44:32.659Z
2212037,1,31,true,2025-06-26T12:44:32.659Z
2507036,1,,false,2025-06-26T12:44:32.659Z
2401031,2,31,true,2025-06-26T12:44:32.659Z
2401042,2,31,true,2025-06-26T12:44:32.659Z
2504044,2,31,true,2025-06-26T12:44:32.659Z
2510029,2,31,true,2025-06-26T12:44:32.660Z
2307031,2,31,true,2025-06-26T12:44:32.660Z
2203037,1,,true,2025-06-26T12:44:32.660Z
2306030,2,,true,2025-06-26T12:44:32.660Z
2311028,3,,true,2025-06-26T12:44:32.660Z
2203027,4,,true,2025-06-26T12:44:32.660Z
2411036,6,,false,2025-06-26T12:44:32.660Z
2512054,1,,true,2025-06-26T12:44:32.660Z
2412060,2,,true,2025-06-26T12:44:32.660Z
2309054,3,,true,2025-06-26T12:44:32.660Z
2212043,4,,true,2025-06-26T12:44:32.661Z
2210043,6,,true,2025-06-26T12:44:32.661Z
2310036,1,,true,2025-06-26T12:44:32.661Z
2506024,2,,true,2025-06-26T12:44:32.661Z
2303056,3,,true,2025-06-26T12:44:32.661Z
2204037,4,,true,2025-06-26T12:44:32.661Z
2206043,6,,true,2025-06-26T12:44:32.661Z
2206033,1,,false,2025-06-26T12:44:32.661Z
2408027,2,,true,2025-06-26T12:44:32.661Z
2306049,3,,false,2025-06-26T12:44:32.662Z
2304038,4,,true,2025-06-26T12:44:32.662Z
2307039,6,,true,2025-06-26T12:44:32.662Z
2210032,1,,true,2025-06-26T12:44:32.662Z
2408028,2,,true,2025-06-26T12:44:32.662Z
2202023,3,,true,2025-06-26T12:44:32.662Z
2208042,4,,true,2025-06-26T12:44:32.662Z
2210039,6,,true,2025-06-26T12:44:32.662Z
2502030,1,,true,2025-06-26T12:44:32.662Z
2503049,2,,true,2025-06-26T12:44:32.662Z
2302028,3,,false,2025-06-26T12:44:32.662Z
2408022,4,,true,2025-06-26T12:44:32.663Z
2210034,6,,true,2025-06-26T12:44:32.663Z
2404025,1,,true,2025-06-26T12:44:32.663Z
2501025,2,,true,2025-06-26T12:44:32.663Z
2401058,3,,false,2025-06-26T12:44:32.663Z
2412033,4,,true,2025-06-26T12:44:32.663Z
2301027,6,,true,2025-06-26T12:44:32.663Z
2404024,1,,true,2025-06-26T12:44:32.663Z
2403037,2,,true,2025-06-26T12:44:32.663Z
2503047,3,,true,2025-06-26T12:44:32.663Z
2410057,4,,true,2025-06-26T12:44:32.664Z
2309035,6,,true,2025-06-26T12:44:32.664Z
2401025,1,,true,2025-06-26T12:44:32.664Z
2405047,2,,true,2025-06-26T12:44:32.664Z
2312024,3,,true,2025-06-26T12:44:32.664Z
2207030,4,,true,2025-06-26T12:44:32.664Z
2202053,6,,true,2025-06-26T12:44:32.664Z
2511028,1,,true,2025-06-26T12:44:32.664Z
2204058,2,,true,2025-06-26T12:44:32.664Z
2211058,3,,true,2025-06-26T12:44:32.664Z
2208038,4,,true,2025-06-26T12:44:32.665Z
2410034,6,,true,2025-06-26T12:44:32.665Z
2503035,1,,true,2025-06-26T12:44:32.665Z
2306029,2,,true,2025-06-26T12:44:32.665Z
2210057,3,,false,2025-06-26T12:44:32.665Z
2207039,4,,true,2025-06-26T12:44:32.665Z
2504059,6,,true,2025-06-26T12:44:32.665Z
2210060,1,,true,2025-06-26T12:44:32.665Z
2502046,2,,true,2025-06-26T12:44:32.665Z
2310045,3,,true,2025-06-26T12:44:32.666Z
2310026,4,,true,2025-06-26T12:44:32.666Z
2201031,6,,true,2025-06-26T12:44:32.666Z
2512046,1,,true,2025-06-26T12:44:32.666Z
2404027,2,,true,2025-06-26T12:44:32.666Z
2304059,3,,true,2025-06-26T12:44:32.666Z
2306022,4,,true,2025-06-26T12:44:32.666Z
2403023,6,,false,2025-06-26T12:44:32.666Z
2507035,1,,true,2025-06-26T12:44:32.666Z
2207046,2,,true,2025-06-26T12:44:32.666Z
2407037,3,,true,2025-06-26T12:44:32.666Z
2210023,4,,true,2025-06-26T12:44:32.667Z
2403053,6,,true,2025-06-26T12:44:32.667Z
2311040,1,,true,2025-06-26T12:44:32.667Z
2209053,2,,false,2025-06-26T12:44:32.667Z
2307054,3,,false,2025-06-26T12:44:32.667Z
2208045,4,,true,2025-06-26T12:44:32.667Z
2501029,6,,true,2025-06-26T12:44:32.667Z
2302027,1,,true,2025-06-26T12:44:32.667Z
2502045,2,,true,2025-06-26T12:44:32.667Z
2404047,3,,true,2025-06-26T12:44:32.668Z
2212039,4,,true,2025-06-26T12:44:32.668Z
2306032,6,,true,2025-06-26T12:44:32.668Z
2501053,1,,true,2025-06-26T12:44:32.668Z
2409057,2,,true,2025-06-26T12:44:32.668Z
2512025,3,,true,2025-06-26T12:44:32.668Z
2407032,4,,true,2025-06-26T12:44:32.668Z
2207034,6,,true,2025-06-26T12:44:32.668Z
2204036,1,,true,2025-06-26T12:44:32.668Z
2506046,2,,true,2025-06-26T12:44:32.669Z
2404044,3,,true,2025-06-26T12:44:32.669Z
2209047,4,,true,2025-06-26T12:44:32.669Z
2508053,6,,true,2025-06-26T12:44:32.669Z
2202051,1,,true,2025-06-26T12:44:32.669Z
2211057,2,,true,2025-06-26T12:44:32.669Z
2509031,3,,true,2025-06-26T12:44:32.669Z
2301038,4,,true,2025-06-26T12:44:32.669Z
2410041,6,,true,2025-06-26T12:44:32.669Z
2411057,1,,true,2025-06-26T12:44:32.669Z
2404030,2,,true,2025-06-26T12:44:32.669Z
2507042,3,,true,2025-06-26T12:44:32.670Z
2410030,4,,true,2025-06-26T12:44:32.670Z
2405054,6,,true,2025-06-26T12:44:32.670Z
2207041,1,,true,2025-06-26T12:44:32.670Z
2401034,2,,true,2025-06-26T12:44:32.670Z
2510021,3,,true,2025-06-26T12:44:32.670Z
2411054,4,,true,2025-06-26T12:44:32.670Z
2409039,6,,true,2025-06-26T12:44:32.670Z
2508056,1,,true,2025-06-26T12:44:32.670Z
2407059,2,,false,2025-06-26T12:44:32.670Z
2407041,3,,true,2025-06-26T12:44:32.670Z
2211048,4,,true,2025-06-26T12:44:32.671Z
2410021,6,,true,2025-06-26T12:44:32.671Z
2404056,1,,true,2025-06-26T12:44:32.671Z
2309042,2,,true,2025-06-26T12:44:32.671Z
2208031,3,,true,2025-06-26T12:44:32.671Z
2201027,4,,true,2025-06-26T12:44:32.671Z
2402053,6,,true,2025-06-26T12:44:32.671Z
2512052,1,,false,2025-06-26T12:44:32.671Z
2210026,2,,false,2025-06-26T12:44:32.671Z
2311037,3,,true,2025-06-26T12:44:32.671Z
2312045,4,,true,2025-06-26T12:44:32.671Z
2510031,6,,true,2025-06-26T12:44:32.672Z
2303026,1,,true,2025-06-26T12:44:32.672Z
2212033,2,,true,2025-06-26T12:44:32.672Z
2309040,3,,true,2025-06-26T12:44:32.672Z
2402048,4,,true,2025-06-26T12:44:32.672Z
2304022,6,,false,2025-06-26T12:44:32.672Z
2406041,1,,true,2025-06-26T12:44:32.672Z
2306047,2,,true,2025-06-26T12:44:32.672Z
2405021,3,,true,2025-06-26T12:44:32.672Z
2508044,4,,true,2025-06-26T12:44:32.673Z
2311021,6,,true,2025-06-26T12:44:32.673Z
2411029,1,,true,2025-06-26T12:44:32.673Z
2402049,2,,true,2025-06-26T12:44:32.673Z
2306021,3,,true,2025-06-26T12:44:32.673Z
2403038,4,,true,2025-06-26T12:44:32.673Z
2311023,6,,true,2025-06-26T12:44:32.673Z
2309032,1,,false,2025-06-26T12:44:32.673Z
2410042,2,,false,2025-06-26T12:44:32.673Z
2502042,3,,true,2025-06-26T12:44:32.673Z
2302049,4,,true,2025-06-26T12:44:32.673Z
2512030,6,,false,2025-06-26T12:44:32.674Z
2503025,1,,true,2025-06-26T12:44:32.674Z
2201033,2,,true,2025-06-26T12:44:32.674Z
2507034,3,,true,2025-06-26T12:44:32.674Z
2209026,4,,true,2025-06-26T12:44:32.674Z
2504047,6,,true,2025-06-26T12:44:32.674Z
2408058,1,,true,2025-06-26T12:44:32.674Z
2506037,2,,true,2025-06-26T12:44:32.674Z
2306025,3,,true,2025-06-26T12:44:32.674Z
2308021,4,,true,2025-06-26T12:44:32.675Z
2402042,6,,true,2025-06-26T12:44:32.675Z
2211021,1,,true,2025-06-26T12:44:32.675Z
2209059,2,,true,2025-06-26T12:44:32.675Z
2411055,3,,true,2025-06-26T12:44:32.675Z
2504055,4,,true,2025-06-26T12:44:32.675Z
2404035,6,,false,2025-06-26T12:44:32.675Z
2402035,1,,true,2025-06-26T12:44:32.675Z
2302039,2,,true,2025-06-26T12:44:32.675Z
2208035,3,,true,2025-06-26T12:44:32.675Z
2502027,4,,true,2025-06-26T12:44:32.675Z
2508051,6,,true,2025-06-26T12:44:32.676Z
2209049,1,,true,2025-06-26T12:44:32.676Z
2401033,2,,false,2025-06-26T12:44:32.676Z
2406027,3,,true,2025-06-26T12:44:32.676Z
2201054,4,,true,2025-06-26T12:44:32.676Z
2409021,6,,true,2025-06-26T12:44:32.676Z
2512032,1,,true,2025-06-26T12:44:32.676Z
2503021,2,,true,2025-06-26T12:44:32.676Z
2502050,3,,false,2025-06-26T12:44:32.676Z
2508027,4,,true,2025-06-26T12:44:32.676Z
2404041,6,,false,2025-06-26T12:44:32.676Z
2209060,1,,true,2025-06-26T12:44:32.677Z
2403047,2,,false,2025-06-26T12:44:32.677Z
2511058,3,,true,2025-06-26T12:44:32.677Z
2202028,4,,true,2025-06-26T12:44:32.677Z
2303024,6,,true,2025-06-26T12:44:32.677Z
2412041,1,,true,2025-06-26T12:44:32.677Z
2310057,2,,true,2025-06-26T12:44:32.677Z
2508026,3,,true,2025-06-26T12:44:32.677Z
2309045,4,,true,2025-06-26T12:44:32.677Z
2307056,6,,true,2025-06-26T12:44:32.677Z
2512047,1,,true,2025-06-26T12:44:32.677Z
2306054,2,,true,2025-06-26T12:44:32.678Z
2202034,3,,true,2025-06-26T12:44:32.678Z
2401021,4,,true,2025-06-26T12:44:32.678Z
2204039,6,,true,2025-06-26T12:44:32.678Z
2206055,1,,true,2025-06-26T12:44:32.678Z
2503028,2,,true,2025-06-26T12:44:32.678Z
2307038,3,,true,2025-06-26T12:44:32.678Z
2208027,4,,true,2025-06-26T12:44:32.678Z
2208054,5,,true,2025-06-26T12:44:32.678Z
2309052,5,,true,2025-06-26T12:44:32.678Z
2309057,5,,true,2025-06-26T12:44:32.678Z
2404049,5,,true,2025-06-26T12:44:32.678Z
2410053,5,,false,2025-06-26T12:44:32.679Z
2308026,5,,true,2025-06-26T12:44:32.679Z
2302055,5,,true,2025-06-26T12:44:32.679Z
2406045,5,,true,2025-06-26T12:44:32.679Z
2501041,5,,true,2025-06-26T12:44:32.679Z
2309037,5,,true,2025-06-26T12:44:32.679Z
2509021,5,,true,2025-06-26T12:44:32.679Z
2406031,5,,true,2025-06-26T12:44:32.679Z
2511033,5,,true,2025-06-26T12:44:32.679Z
2202057,5,,true,2025-06-26T12:44:32.679Z
2410043,5,,true,2025-06-26T12:44:32.679Z
2503034,5,,true,2025-06-26T12:44:32.679Z
2509039,5,,true,2025-06-26T12:44:32.679Z
2510045,5,,true,2025-06-26T12:44:32.679Z
2304034,5,,true,2025-06-26T12:44:32.679Z
2312054,5,,true,2025-06-26T12:44:32.680Z
2206051,5,,true,2025-06-26T12:44:32.680Z
2503033,5,,true,2025-06-26T12:44:32.680Z
2310021,5,,true,2025-06-26T12:44:32.680Z
2302025,5,,true,2025-06-26T12:44:32.680Z
2406022,5,,true,2025-06-26T12:44:32.680Z
2304031,5,,true,2025-06-26T12:44:32.680Z
2303058,5,,true,2025-06-26T12:44:32.680Z
2208048,5,,true,2025-06-26T12:44:32.680Z
2408021,5,,true,2025-06-26T12:44:32.680Z
2211059,5,,false,2025-06-26T12:44:32.680Z
2508021,5,,true,2025-06-26T12:44:32.680Z
2511026,5,,true,2025-06-26T12:44:32.680Z
2301043,5,,false,2025-06-26T12:44:32.680Z
2210025,5,,true,2025-06-26T12:44:32.680Z
2201034,5,,true,2025-06-26T12:44:32.681Z
2411028,5,,true,2025-06-26T12:44:32.681Z
2302041,5,,true,2025-06-26T12:44:32.681Z
2509042,5,,true,2025-06-26T12:44:32.681Z
2206054,5,,true,2025-06-26T12:44:32.681Z
2506028,5,,true,2025-06-26T12:44:32.681Z
2303050,5,,true,2025-06-26T12:44:32.681Z
2212047,5,,true,2025-06-26T12:44:32.681Z
2405046,5,,true,2025-06-26T12:44:32.681Z
2510024,5,,true,2025-06-26T12:44:32.681Z
2408029,5,,true,2025-06-26T12:44:32.682Z
2504023,5,,true,2025-06-26T12:44:32.682Z
2505055,5,,true,2025-06-26T12:44:32.682Z
2311022,5,,true,2025-06-26T12:44:32.682Z
2310040,5,,true,2025-06-26T12:44:32.682Z
2509045,5,,true,2025-06-26T12:44:32.682Z
2402025,5,,true,2025-06-26T12:44:32.682Z
2308044,5,,false,2025-06-26T12:44:32.682Z
2402031,5,,true,2025-06-26T12:44:32.682Z
2509022,5,,true,2025-06-26T12:44:32.682Z
2512023,5,,true,2025-06-26T12:44:32.683Z
2211037,5,,true,2025-06-26T12:44:32.683Z
2312022,5,,true,2025-06-26T12:44:32.683Z
2510036,5,,true,2025-06-26T12:44:32.683Z
2310028,5,,true,2025-06-26T12:44:32.683Z
2505021,5,,true,2025-06-26T12:44:32.683Z
2401022,5,,true,2025-06-26T12:44:32.683Z
2505027,5,,true,2025-06-26T12:44:32.683Z
2505047,5,,true,2025-06-26T12:44:32.683Z
2310044,5,,true,2025-06-26T12:44:32.683Z
2306035,5,,true,2025-06-26T12:44:32.683Z
2507047,5,,true,2025-06-26T12:44:32.684Z
2303041,5,,false,2025-06-26T12:44:32.684Z
2506032,5,,true,2025-06-26T12:44:32.684Z
2307036,5,,true,2025-06-26T12:44:32.684Z
2203036,5,,true,2025-06-26T12:44:32.684Z
2508024,5,,true,2025-06-26T12:44:32.684Z
2407022,5,,true,2025-06-26T12:44:32.684Z
2403040,5,,false,2025-06-26T12:44:32.684Z
2306034,5,,true,2025-06-26T12:44:32.684Z
2501054,5,,true,2025-06-26T12:44:32.685Z
2410048,5,,true,2025-06-26T12:44:32.685Z
2311056,5,,false,2025-06-26T12:44:32.685Z
2512053,5,,true,2025-06-26T12:44:32.685Z
2307021,5,,true,2025-06-26T12:44:32.685Z
2409038,5,,true,2025-06-26T12:44:32.685Z
2410046,5,,false,2025-06-26T12:44:32.685Z
2510052,5,,true,2025-06-26T12:44:32.685Z
2501049,5,,false,2025-06-26T12:44:32.685Z
2406021,5,,true,2025-06-26T12:44:32.685Z
2405045,5,,true,2025-06-26T12:44:32.685Z
2202059,5,,true,2025-06-26T12:44:32.686Z
2309021,5,,true,2025-06-26T12:44:32.686Z
2303029,5,,true,2025-06-26T12:44:32.686Z
2204050,5,,true,2025-06-26T12:44:32.686Z
2212058,5,,true,2025-06-26T12:44:32.686Z
2407058,5,,true,2025-06-26T12:44:32.686Z
2404028,5,,true,2025-06-26T12:44:32.686Z
2303021,5,,true,2025-06-26T12:44:32.686Z
2311030,5,,true,2025-06-26T12:44:32.686Z
2204048,5,,true,2025-06-26T12:44:32.686Z
2202038,5,,true,2025-06-26T12:44:32.686Z
2309038,5,,true,2025-06-26T12:44:32.687Z
2309059,5,,true,2025-06-26T12:44:32.687Z
2302022,5,,true,2025-06-26T12:44:32.687Z
2511041,5,,true,2025-06-26T12:44:32.687Z
2503026,5,,true,2025-06-26T12:44:32.687Z
2504037,5,,true,2025-06-26T12:44:32.687Z
2404038,5,,true,2025-06-26T12:44:32.687Z
2311033,5,,false,2025-06-26T12:44:32.687Z
2402043,5,,true,2025-06-26T12:44:32.687Z
2310060,5,,true,2025-06-26T12:44:32.687Z
2207044,5,,true,2025-06-26T12:44:32.688Z
2312029,5,,true,2025-06-26T12:44:32.688Z
2202024,5,,false,2025-06-26T12:44:32.688Z
2509053,5,,true,2025-06-26T12:44:32.688Z
2512060,5,,true,2025-06-26T12:44:32.688Z
2505032,5,,true,2025-06-26T12:44:32.688Z
2409054,5,,false,2025-06-26T12:44:32.688Z
2406030,5,,true,2025-06-26T12:44:32.688Z
2206035,5,,true,2025-06-26T12:44:32.688Z
2301040,5,,true,2025-06-26T12:44:32.689Z
2301049,5,,true,2025-06-26T12:44:32.689Z
2311057,5,,true,2025-06-26T12:44:32.689Z
2401041,5,,true,2025-06-26T12:44:32.689Z
2402054,5,,true,2025-06-26T12:44:32.689Z
2402038,5,,true,2025-06-26T12:44:32.689Z
2306028,5,,true,2025-06-26T12:44:32.689Z
2209025,5,,false,2025-06-26T12:44:32.689Z
2203055,5,,false,2025-06-26T12:44:32.689Z
2308032,5,,true,2025-06-26T12:44:32.690Z
2202029,5,,false,2025-06-26T12:44:32.690Z
2510043,5,,true,2025-06-26T12:44:32.690Z
2503055,5,,true,2025-06-26T12:44:32.690Z
2411037,5,,true,2025-06-26T12:44:32.690Z
2507055,5,,true,2025-06-26T12:44:32.690Z
2412030,5,,true,2025-06-26T12:44:32.690Z
2312044,5,,true,2025-06-26T12:44:32.690Z
2510057,5,,true,2025-06-26T12:44:32.690Z
2407021,5,,true,2025-06-26T12:44:32.690Z
2312038,5,,true,2025-06-26T12:44:32.690Z
2411025,5,,false,2025-06-26T12:44:32.691Z
2211036,5,,true,2025-06-26T12:44:32.691Z
2404029,5,,true,2025-06-26T12:44:32.691Z
2508049,5,,false,2025-06-26T12:44:32.691Z
2207043,5,,true,2025-06-26T12:44:32.691Z
2512021,5,,true,2025-06-26T12:44:32.691Z
2309053,5,,true,2025-06-26T12:44:32.691Z
2204028,5,,true,2025-06-26T12:44:32.691Z
2402055,5,,true,2025-06-26T12:44:32.691Z
2206034,5,,true,2025-06-26T12:44:32.691Z
2206052,5,,true,2025-06-26T12:44:32.692Z
2309055,5,,false,2025-06-26T12:44:32.692Z
2412055,5,,true,2025-06-26T12:44:32.692Z
2307052,5,,true,2025-06-26T12:44:32.692Z
2503054,5,,true,2025-06-26T12:44:32.692Z
2502049,5,,true,2025-06-26T12:44:32.692Z
2304039,5,,true,2025-06-26T12:44:32.692Z
2202030,5,,true,2025-06-26T12:44:32.692Z
2201041,5,,false,2025-06-26T12:44:32.692Z
2512039,5,,false,2025-06-26T12:44:32.692Z
2502051,5,,true,2025-06-26T12:44:32.693Z
2201032,5,,true,2025-06-26T12:44:32.693Z
2405033,5,,true,2025-06-26T12:44:32.693Z
2511027,5,,true,2025-06-26T12:44:32.693Z
2411060,5,,true,2025-06-26T12:44:32.693Z
2511038,5,,true,2025-06-26T12:44:32.693Z
2310027,5,,true,2025-06-26T12:44:32.693Z
2411059,5,,true,2025-06-26T12:44:32.693Z
2501050,5,,true,2025-06-26T12:44:32.693Z
2308058,5,,true,2025-06-26T12:44:32.693Z
2402022,5,,true,2025-06-26T12:44:32.693Z
2406054,5,,true,2025-06-26T12:44:32.694Z
2301028,5,,false,2025-06-26T12:44:32.694Z
2504038,5,,true,2025-06-26T12:44:32.694Z
2307058,5,,true,2025-06-26T12:44:32.694Z
2209033,5,,true,2025-06-26T12:44:32.694Z
2405052,5,,true,2025-06-26T12:44:32.694Z
2301021,5,,true,2025-06-26T12:44:32.694Z
2408052,5,,true,2025-06-26T12:44:32.694Z
2310031,5,,true,2025-06-26T12:44:32.694Z
2506059,5,,true,2025-06-26T12:44:32.694Z
2507058,5,,true,2025-06-26T12:44:32.694Z
2212055,5,,true,2025-06-26T12:44:32.695Z
2412038,5,,true,2025-06-26T12:44:32.695Z
2401055,5,,true,2025-06-26T12:44:32.695Z
2209031,5,,true,2025-06-26T12:44:32.695Z
2212054,5,,true,2025-06-26T12:44:32.695Z
2405042,5,,true,2025-06-26T12:44:32.695Z
2412042,5,,true,2025-06-26T12:44:32.695Z
2401027,5,,false,2025-06-26T12:44:32.695Z
2310049,5,,true,2025-06-26T12:44:32.695Z
2202022,5,,true,2025-06-26T12:44:32.696Z
2209032,5,,true,2025-06-26T12:44:32.696Z
2404051,5,,true,2025-06-26T12:44:32.696Z
2505030,5,,true,2025-06-26T12:44:32.696Z
2303054,5,,true,2025-06-26T12:44:32.696Z
2407057,5,,true,2025-06-26T12:44:32.696Z
2508043,5,,true,2025-06-26T12:44:32.696Z
2209039,5,,true,2025-06-26T12:44:32.696Z
2412047,5,,true,2025-06-26T12:44:32.696Z
2401054,5,,true,2025-06-26T12:44:32.696Z
2302054,5,,true,2025-06-26T12:44:32.696Z
2207049,5,,true,2025-06-26T12:44:32.697Z
2311049,5,,true,2025-06-26T12:44:32.697Z
2212027,5,,true,2025-06-26T12:44:32.697Z
2502060,5,,false,2025-06-26T12:44:32.697Z
2409053,5,,true,2025-06-26T12:44:32.697Z
2310043,5,,true,2025-06-26T12:44:32.697Z
2308043,5,,true,2025-06-26T12:44:32.697Z
2512051,5,,true,2025-06-26T12:44:32.697Z
2210030,5,,true,2025-06-26T12:44:32.697Z
2507024,5,,false,2025-06-26T12:44:32.697Z
2206023,5,,true,2025-06-26T12:44:32.698Z
2509038,5,,true,2025-06-26T12:44:32.698Z
2201047,5,,true,2025-06-26T12:44:32.698Z
2210038,5,,true,2025-06-26T12:44:32.698Z
2307042,5,,true,2025-06-26T12:44:32.699Z
2207051,5,,true,2025-06-26T12:44:32.699Z
2308039,5,,true,2025-06-26T12:44:32.699Z
2410040,5,,true,2025-06-26T12:44:32.699Z
2203058,5,,true,2025-06-26T12:44:32.699Z
2301045,5,,true,2025-06-26T12:44:32.699Z
2403039,5,,true,2025-06-26T12:44:32.699Z
2212035,5,,true,2025-06-26T12:44:32.700Z
2204033,5,,true,2025-06-26T12:44:32.700Z
2207038,5,,true,2025-06-26T12:44:32.700Z
2208055,5,,false,2025-06-26T12:44:32.700Z
2403032,5,,true,2025-06-26T12:44:32.700Z
2210024,5,,false,2025-06-26T12:44:32.700Z
2308060,5,,true,2025-06-26T12:44:32.700Z
2302021,5,,true,2025-06-26T12:44:32.700Z
2209037,5,,true,2025-06-26T12:44:32.700Z
2501031,5,,true,2025-06-26T12:44:32.700Z
2202039,5,,true,2025-06-26T12:44:32.701Z
2208041,5,,true,2025-06-26T12:44:32.701Z
2309025,5,,true,2025-06-26T12:44:32.701Z
2510046,5,,true,2025-06-26T12:44:32.701Z
2208028,5,,true,2025-06-26T12:44:32.701Z
2409042,5,,true,2025-06-26T12:44:32.701Z
2402023,5,,true,2025-06-26T12:44:32.701Z
2508037,5,,true,2025-06-26T12:44:32.701Z
2507027,5,,true,2025-06-26T12:44:32.701Z
2504053,5,,true,2025-06-26T12:44:32.701Z
2412043,5,,false,2025-06-26T12:44:32.701Z
2504041,5,,false,2025-06-26T12:44:32.701Z
2307029,5,,true,2025-06-26T12:44:32.701Z
2410051,5,,true,2025-06-26T12:44:32.702Z
2212056,5,,true,2025-06-26T12:44:32.702Z
2506031,5,,true,2025-06-26T12:44:32.702Z
2405056,5,,true,2025-06-26T12:44:32.702Z
2406035,5,,true,2025-06-26T12:44:32.702Z
2506060,5,,true,2025-06-26T12:44:32.702Z
2502034,5,,true,2025-06-26T12:44:32.702Z
2401029,5,,true,2025-06-26T12:44:32.702Z
2404058,5,,true,2025-06-26T12:44:32.702Z
2202044,5,,true,2025-06-26T12:44:32.702Z
2412045,5,,true,2025-06-26T12:44:32.702Z
2410036,5,,true,2025-06-26T12:44:32.702Z
2501024,5,,false,2025-06-26T12:44:32.702Z
2410044,5,,false,2025-06-26T12:44:32.703Z
2210031,5,,true,2025-06-26T12:44:32.703Z
2507029,5,,true,2025-06-26T12:44:32.703Z
2401050,5,,true,2025-06-26T12:44:32.703Z
2301039,5,,true,2025-06-26T12:44:32.703Z
2505034,5,,true,2025-06-26T12:44:32.703Z
2212040,5,,true,2025-06-26T12:44:32.703Z
2506042,5,,true,2025-06-26T12:44:32.703Z
2506055,5,,true,2025-06-26T12:44:32.703Z
2509044,5,,true,2025-06-26T12:44:32.703Z
2504027,5,,true,2025-06-26T12:44:32.703Z
2306033,5,,true,2025-06-26T12:44:32.703Z
2505039,5,,true,2025-06-26T12:44:32.703Z
2402026,5,,true,2025-06-26T12:44:32.703Z
2505026,5,,true,2025-06-26T12:44:32.703Z
2303043,5,,false,2025-06-26T12:44:32.704Z
2202041,5,,true,2025-06-26T12:44:32.704Z
2208043,5,,true,2025-06-26T12:44:32.704Z
2504057,5,,true,2025-06-26T12:44:32.704Z
2512041,5,,true,2025-06-26T12:44:32.704Z
2303031,5,,true,2025-06-26T12:44:32.704Z
2509035,5,,true,2025-06-26T12:44:32.704Z
2202026,5,,true,2025-06-26T12:44:32.704Z
2502039,5,,true,2025-06-26T12:44:32.704Z
2201048,5,,true,2025-06-26T12:44:32.704Z
2310037,5,,true,2025-06-26T12:44:32.704Z
2408033,5,,true,2025-06-26T12:44:32.704Z
2307059,5,,false,2025-06-26T12:44:32.704Z
2310032,5,,true,2025-06-26T12:44:32.705Z
2406032,5,,true,2025-06-26T12:44:32.705Z
2505058,5,,true,2025-06-26T12:44:32.705Z
2502040,5,,true,2025-06-26T12:44:32.705Z
2307053,5,,true,2025-06-26T12:44:32.705Z
2407027,5,,true,2025-06-26T12:44:32.705Z
2511044,5,,false,2025-06-26T12:44:32.705Z
2311060,5,,true,2025-06-26T12:44:32.705Z
2409032,5,,true,2025-06-26T12:44:32.705Z
2407040,5,,true,2025-06-26T12:44:32.705Z
2309048,5,,true,2025-06-26T12:44:32.705Z
2307032,5,,true,2025-06-26T12:44:32.705Z
2204031,5,,true,2025-06-26T12:44:32.705Z
2203045,5,,true,2025-06-26T12:44:32.705Z
2407023,5,,true,2025-06-26T12:44:32.706Z
2204027,5,,true,2025-06-26T12:44:32.706Z
2211038,5,,true,2025-06-26T12:44:32.706Z
2211055,5,,true,2025-06-26T12:44:32.706Z
2402030,5,,true,2025-06-26T12:44:32.706Z
2509034,5,,true,2025-06-26T12:44:32.706Z
2204023,5,,false,2025-06-26T12:44:32.706Z
2307051,5,,true,2025-06-26T12:44:32.706Z
2201057,5,,true,2025-06-26T12:44:32.706Z
2412021,5,,true,2025-06-26T12:44:32.706Z
2507052,5,,true,2025-06-26T12:44:32.706Z
2211033,5,,true,2025-06-26T12:44:32.706Z
2409058,5,,true,2025-06-26T12:44:32.706Z
2212026,5,,true,2025-06-26T12:44:32.706Z
2410031,5,,true,2025-06-26T12:44:32.706Z
2403025,5,,false,2025-06-26T12:44:32.707Z
2312027,5,,true,2025-06-26T12:44:32.707Z
2410058,5,,true,2025-06-26T12:44:32.707Z
2208050,5,,true,2025-06-26T12:44:32.707Z
2210052,5,,true,2025-06-26T12:44:32.707Z
2302060,5,,true,2025-06-26T12:44:32.707Z
2309049,5,,false,2025-06-26T12:44:32.707Z
2204044,5,,true,2025-06-26T12:44:32.707Z
2203042,5,,true,2025-06-26T12:44:32.707Z
2509047,5,,true,2025-06-26T12:44:32.707Z
2302047,5,,true,2025-06-26T12:44:32.707Z
2311051,5,,true,2025-06-26T12:44:32.707Z
2509030,5,,true,2025-06-26T12:44:32.708Z
2501028,5,,true,2025-06-26T12:44:32.708Z
2403051,5,,true,2025-06-26T12:44:32.708Z
2211026,5,,false,2025-06-26T12:44:32.708Z
2307040,5,,true,2025-06-26T12:44:32.708Z
2504029,5,,true,2025-06-26T12:44:32.708Z
2212057,5,,true,2025-06-26T12:44:32.708Z
2511045,5,,true,2025-06-26T12:44:32.708Z
2301032,5,,true,2025-06-26T12:44:32.708Z
2409025,5,,true,2025-06-26T12:44:32.708Z
2409041,5,,false,2025-06-26T12:44:32.708Z
2211039,5,,true,2025-06-26T12:44:32.708Z
2304060,5,,true,2025-06-26T12:44:32.708Z
2308053,5,,true,2025-06-26T12:44:32.708Z
2312032,5,,true,2025-06-26T12:44:32.708Z
2204056,5,,false,2025-06-26T12:44:32.709Z
2502057,5,,true,2025-06-26T12:44:32.709Z
2301024,5,,true,2025-06-26T12:44:32.709Z
2202027,5,,true,2025-06-26T12:44:32.709Z
2202047,5,,true,2025-06-26T12:44:32.709Z
2507033,5,,true,2025-06-26T12:44:32.709Z
2405048,5,,true,2025-06-26T12:44:32.709Z
2411040,5,,true,2025-06-26T12:44:32.709Z
2206057,5,,true,2025-06-26T12:44:32.709Z
2203023,5,,true,2025-06-26T12:44:32.709Z
2509029,5,,true,2025-06-26T12:44:32.710Z
2303036,5,,false,2025-06-26T12:44:32.710Z
2504050,5,,true,2025-06-26T12:44:32.710Z
2304053,5,,true,2025-06-26T12:44:32.710Z
2309030,5,,true,2025-06-26T12:44:32.710Z
2408040,5,,true,2025-06-26T12:44:32.710Z
2409023,5,,true,2025-06-26T12:44:32.710Z
2203048,5,,true,2025-06-26T12:44:32.710Z
2204049,5,,true,2025-06-26T12:44:32.711Z
2211045,5,,true,2025-06-26T12:44:32.711Z
2503050,5,,true,2025-06-26T12:44:32.711Z
2312053,5,,true,2025-06-26T12:44:32.711Z
2208036,5,,true,2025-06-26T12:44:32.711Z
2303051,5,,true,2025-06-26T12:44:32.711Z
2406053,5,,true,2025-06-26T12:44:32.711Z
2204041,5,,false,2025-06-26T12:44:32.711Z
2309039,5,,true,2025-06-26T12:44:32.711Z
2512059,5,,true,2025-06-26T12:44:32.711Z
2210042,5,,true,2025-06-26T12:44:32.711Z
2302040,5,,true,2025-06-26T12:44:32.712Z
2507057,5,,true,2025-06-26T12:44:32.712Z
2206050,5,,true,2025-06-26T12:44:32.712Z
2303033,5,,true,2025-06-26T12:44:32.712Z
2206053,5,,true,2025-06-26T12:44:32.712Z
2303039,5,,true,2025-06-26T12:44:32.712Z
2306048,5,,true,2025-06-26T12:44:32.712Z
2310022,5,,true,2025-06-26T12:44:32.712Z
2201044,5,,true,2025-06-26T12:44:32.712Z
2402044,5,,false,2025-06-26T12:44:32.712Z
2411043,5,,true,2025-06-26T12:44:32.712Z
2210033,5,,true,2025-06-26T12:44:32.713Z
2409056,5,,true,2025-06-26T12:44:32.713Z
2401040,5,,true,2025-06-26T12:44:32.713Z
2209043,5,,true,2025-06-26T12:44:32.713Z
2501043,5,,true,2025-06-26T12:44:32.713Z
2404059,5,,true,2025-06-26T12:44:32.713Z
2507060,5,,true,2025-06-26T12:44:32.713Z
2410037,5,,true,2025-06-26T12:44:32.713Z
2507026,5,,true,2025-06-26T12:44:32.713Z
2207047,5,,true,2025-06-26T12:44:32.713Z
2302033,5,,true,2025-06-26T12:44:32.713Z
2512034,5,,true,2025-06-26T12:44:32.714Z
2207053,5,,true,2025-06-26T12:44:32.714Z
2401037,5,,false,2025-06-26T12:44:32.714Z
2410054,5,,true,2025-06-26T12:44:32.714Z
2502025,5,,true,2025-06-26T12:44:32.714Z
2502033,5,,true,2025-06-26T12:44:32.714Z
2505049,5,,true,2025-06-26T12:44:32.714Z
2309033,5,,true,2025-06-26T12:44:32.714Z
2408037,5,,true,2025-06-26T12:44:32.714Z
2404042,5,,true,2025-06-26T12:44:32.714Z
2410049,5,,true,2025-06-26T12:44:32.714Z
2201045,5,,false,2025-06-26T12:44:32.714Z
2503045,5,,true,2025-06-26T12:44:32.714Z
2403050,5,,true,2025-06-26T12:44:32.715Z
2212059,5,,true,2025-06-26T12:44:32.715Z
2511024,5,,false,2025-06-26T12:44:32.715Z
2202035,5,,true,2025-06-26T12:44:32.715Z
2404036,5,,true,2025-06-26T12:44:32.715Z
2308042,5,,true,2025-06-26T12:44:32.715Z
2508055,5,,true,2025-06-26T12:44:32.715Z
2408032,5,,true,2025-06-26T12:44:32.715Z
2208025,5,,true,2025-06-26T12:44:32.715Z
2201025,5,,true,2025-06-26T12:44:32.715Z
2505038,5,,true,2025-06-26T12:44:32.715Z
2406025,5,,true,2025-06-26T12:44:32.716Z
2506022,5,,true,2025-06-26T12:44:32.716Z
2201042,5,,true,2025-06-26T12:44:32.716Z
2502054,5,,true,2025-06-26T12:44:32.716Z
2303027,5,,true,2025-06-26T12:44:32.716Z
2209029,5,,true,2025-06-26T12:44:32.716Z
2212048,5,,true,2025-06-26T12:44:32.716Z
2501036,5,,true,2025-06-26T12:44:32.716Z
2408030,5,,true,2025-06-26T12:44:32.716Z
2402059,5,,true,2025-06-26T12:44:32.717Z
2207060,5,,true,2025-06-26T12:44:32.717Z
2209027,5,,true,2025-06-26T12:44:32.717Z
2404057,5,,false,2025-06-26T12:44:32.717Z
2206049,5,,false,2025-06-26T12:44:32.717Z
2207057,5,,true,2025-06-26T12:44:32.717Z
2407026,5,,false,2025-06-26T12:44:32.717Z
2206021,5,,true,2025-06-26T12:44:32.717Z
2504021,5,,true,2025-06-26T12:44:32.717Z
2509049,5,,true,2025-06-26T12:44:32.717Z
2311054,5,,true,2025-06-26T12:44:32.718Z
2308050,5,,true,2025-06-26T12:44:32.718Z
2212038,5,,true,2025-06-26T12:44:32.718Z
2502056,5,,true,2025-06-26T12:44:32.718Z
2501040,5,,false,2025-06-26T12:44:32.718Z
2401048,5,,true,2025-06-26T12:44:32.718Z
2405034,5,,true,2025-06-26T12:44:32.718Z
2403049,5,,true,2025-06-26T12:44:32.718Z
2502026,5,,true,2025-06-26T12:44:32.718Z
2204045,5,,true,2025-06-26T12:44:32.718Z
2211041,5,,true,2025-06-26T12:44:32.718Z
2406023,5,,true,2025-06-26T12:44:32.719Z
2401060,5,,true,2025-06-26T12:44:32.719Z
2312050,5,,true,2025-06-26T12:44:32.719Z
2510026,5,,true,2025-06-26T12:44:32.719Z
2212052,5,,true,2025-06-26T12:44:32.719Z
2203049,5,,true,2025-06-26T12:44:32.719Z
2504033,5,,false,2025-06-26T12:44:32.719Z
2301030,5,,true,2025-06-26T12:44:32.719Z
2302026,5,,true,2025-06-26T12:44:32.719Z
2401044,5,,false,2025-06-26T12:44:32.720Z
2310034,5,,true,2025-06-26T12:44:32.720Z
2404045,5,,true,2025-06-26T12:44:32.720Z
2412049,5,,true,2025-06-26T12:44:32.720Z
2403041,5,,false,2025-06-26T12:44:32.720Z
2203022,5,,true,2025-06-26T12:44:32.720Z
2406050,5,,true,2025-06-26T12:44:32.720Z
2309028,5,,true,2025-06-26T12:44:32.720Z
2506041,5,,false,2025-06-26T12:44:32.720Z
2212044,5,,true,2025-06-26T12:44:32.720Z
2502029,5,,true,2025-06-26T12:44:32.720Z
2204057,5,,true,2025-06-26T12:44:32.721Z
2403056,5,,true,2025-06-26T12:44:32.721Z
2410023,5,,false,2025-06-26T12:44:32.721Z
2511046,5,,true,2025-06-26T12:44:32.721Z
2304052,5,,true,2025-06-26T12:44:32.721Z
2508025,5,,true,2025-06-26T12:44:32.721Z
2207050,5,,true,2025-06-26T12:44:32.721Z
2303035,5,,true,2025-06-26T12:44:32.721Z
2206048,5,,true,2025-06-26T12:44:32.721Z
2211023,5,,true,2025-06-26T12:44:32.721Z
2401046,5,,true,2025-06-26T12:44:32.721Z
2511042,5,,true,2025-06-26T12:44:32.722Z
2401036,5,,true,2025-06-26T12:44:32.722Z
2312033,5,,true,2025-06-26T12:44:32.722Z
2411044,5,,true,2025-06-26T12:44:32.722Z
2511051,5,,false,2025-06-26T12:44:32.722Z
2505059,5,,true,2025-06-26T12:44:32.722Z
2212045,5,,true,2025-06-26T12:44:32.722Z
2409034,5,,true,2025-06-26T12:44:32.722Z
2302036,5,,true,2025-06-26T12:44:32.722Z
2207059,5,,true,2025-06-26T12:44:32.722Z
2512042,5,,true,2025-06-26T12:44:32.722Z
2410039,5,,false,2025-06-26T12:44:32.723Z
2309029,5,,true,2025-06-26T12:44:32.723Z
2403027,5,,true,2025-06-26T12:44:32.723Z
2510037,5,,false,2025-06-26T12:44:32.723Z
2504046,5,,true,2025-06-26T12:44:32.723Z
2302031,5,,true,2025-06-26T12:44:32.723Z
2512048,5,,true,2025-06-26T12:44:32.723Z
2408042,5,,true,2025-06-26T12:44:32.723Z
2401024,5,,true,2025-06-26T12:44:32.723Z
2207040,5,,true,2025-06-26T12:44:32.724Z
2512058,5,,true,2025-06-26T12:44:32.724Z
2405037,5,,true,2025-06-26T12:44:32.724Z
2511052,5,,true,2025-06-26T12:44:32.724Z
2504042,5,,true,2025-06-26T12:44:32.724Z
2203051,5,,true,2025-06-26T12:44:32.724Z
2209024,5,,true,2025-06-26T12:44:32.724Z
2505052,5,,true,2025-06-26T12:44:32.724Z
2209040,5,,true,2025-06-26T12:44:32.724Z
2406056,5,,true,2025-06-26T12:44:32.724Z
2310023,5,,true,2025-06-26T12:44:32.724Z
2403052,5,,true,2025-06-26T12:44:32.725Z
2410050,5,,true,2025-06-26T12:44:32.725Z
2209021,5,,true,2025-06-26T12:44:32.725Z
2509060,5,,true,2025-06-26T12:44:32.725Z
2401039,5,,true,2025-06-26T12:44:32.725Z
2504058,5,,true,2025-06-26T12:44:32.725Z
2208044,5,,true,2025-06-26T12:44:32.725Z
2409031,5,,false,2025-06-26T12:44:32.725Z
2509048,5,,true,2025-06-26T12:44:32.725Z
2312030,5,,true,2025-06-26T12:44:32.725Z
2404055,5,,true,2025-06-26T12:44:32.725Z
2510030,5,,true,2025-06-26T12:44:32.726Z
2506044,5,,true,2025-06-26T12:44:32.726Z
2202033,5,,false,2025-06-26T12:44:32.726Z
2511036,5,,true,2025-06-26T12:44:32.726Z
2512026,5,,true,2025-06-26T12:44:32.726Z
2304030,5,,true,2025-06-26T12:44:32.726Z
2403048,5,,true,2025-06-26T12:44:32.726Z
2410024,5,,true,2025-06-26T12:44:32.726Z
2511043,5,,true,2025-06-26T12:44:32.726Z
2411023,5,,true,2025-06-26T12:44:32.727Z
2304035,5,,true,2025-06-26T12:44:32.727Z
2211024,5,,true,2025-06-26T12:44:32.727Z
2506034,5,,true,2025-06-26T12:44:32.727Z
2303047,5,,true,2025-06-26T12:44:32.727Z
2510044,5,,true,2025-06-26T12:44:32.727Z
2509027,5,,true,2025-06-26T12:44:32.727Z
2503039,5,,true,2025-06-26T12:44:32.727Z
2210046,5,,true,2025-06-26T12:44:32.727Z
2408036,5,,true,2025-06-26T12:44:32.727Z
2301041,5,,true,2025-06-26T12:44:32.727Z
2303046,5,,true,2025-06-26T12:44:32.728Z
2312037,5,,true,2025-06-26T12:44:32.728Z
2507051,5,,true,2025-06-26T12:44:32.728Z
2306026,5,,true,2025-06-26T12:44:32.728Z
2307055,5,,true,2025-06-26T12:44:32.728Z
2301037,5,,true,2025-06-26T12:44:32.728Z
2407036,5,,false,2025-06-26T12:44:32.728Z
2303059,5,,true,2025-06-26T12:44:32.728Z
2403033,5,,true,2025-06-26T12:44:32.728Z
2311036,5,,true,2025-06-26T12:44:32.728Z
2512040,5,,true,2025-06-26T12:44:32.728Z
2411048,5,,true,2025-06-26T12:44:32.729Z
2407054,5,,true,2025-06-26T12:44:32.729Z
2408031,5,,true,2025-06-26T12:44:32.729Z
2201040,5,,true,2025-06-26T12:44:32.729Z
2304025,5,,true,2025-06-26T12:44:32.729Z
2401057,5,,false,2025-06-26T12:44:32.729Z
2407044,5,,false,2025-06-26T12:44:32.729Z
2206046,5,,true,2025-06-26T12:44:32.729Z
2509059,5,,true,2025-06-26T12:44:32.729Z
2201058,5,,true,2025-06-26T12:44:32.729Z
2212022,5,,true,2025-06-26T12:44:32.730Z
2301035,5,,true,2025-06-26T12:44:32.730Z
2410047,5,,true,2025-06-26T12:44:32.730Z
2309060,5,,true,2025-06-26T12:44:32.730Z
2511047,5,,true,2025-06-26T12:44:32.730Z
2308025,5,,true,2025-06-26T12:44:32.730Z
2402058,5,,true,2025-06-26T12:44:32.730Z
2409043,5,,true,2025-06-26T12:44:32.730Z
2504025,5,,true,2025-06-26T12:44:32.730Z
2312058,5,,true,2025-06-26T12:44:32.730Z
2404026,5,,true,2025-06-26T12:44:32.730Z
2412053,5,,true,2025-06-26T12:44:32.731Z
2407056,5,,true,2025-06-26T12:44:32.731Z
2506058,5,,true,2025-06-26T12:44:32.731Z
2507054,5,,true,2025-06-26T12:44:32.731Z
2309051,5,,true,2025-06-26T12:44:32.731Z
2501056,5,,true,2025-06-26T12:44:32.731Z
2511054,5,,true,2025-06-26T12:44:32.731Z
2207035,5,,true,2025-06-26T12:44:32.731Z
2508028,5,,true,2025-06-26T12:44:32.731Z
2409059,5,,true,2025-06-26T12:44:32.731Z
2507050,5,,true,2025-06-26T12:44:32.731Z
2403045,5,,true,2025-06-26T12:44:32.732Z
2509023,5,,true,2025-06-26T12:44:32.732Z
2503056,5,,true,2025-06-26T12:44:32.732Z
2511035,5,,true,2025-06-26T12:44:32.732Z
2310025,5,,true,2025-06-26T12:44:32.732Z
2307033,5,,true,2025-06-26T12:44:32.732Z
2501039,5,,true,2025-06-26T12:44:32.732Z
2505029,5,,true,2025-06-26T12:44:32.732Z
2204026,5,,false,2025-06-26T12:44:32.732Z
2312023,5,,true,2025-06-26T12:44:32.732Z
2210056,5,,true,2025-06-26T12:44:32.733Z
2507031,5,,true,2025-06-26T12:44:32.733Z
2212042,5,,true,2025-06-26T12:44:32.733Z
2201060,5,,true,2025-06-26T12:44:32.733Z
2502048,5,,true,2025-06-26T12:44:32.733Z
2211049,5,,true,2025-06-26T12:44:32.733Z
2504035,5,,true,2025-06-26T12:44:32.733Z
2201051,5,,true,2025-06-26T12:44:32.733Z
2202040,5,,true,2025-06-26T12:44:32.733Z
2510022,5,,true,2025-06-26T12:44:32.734Z
2203024,5,,true,2025-06-26T12:44:32.734Z
2402045,5,,false,2025-06-26T12:44:32.734Z
2208023,5,,true,2025-06-26T12:44:32.734Z
2204053,5,,true,2025-06-26T12:44:32.734Z
2408034,5,,true,2025-06-26T12:44:32.734Z
2202054,5,,true,2025-06-26T12:44:32.734Z
2408038,5,,true,2025-06-26T12:44:32.734Z
2203039,5,,true,2025-06-26T12:44:32.734Z
2405043,5,,true,2025-06-26T12:44:32.734Z
2503029,5,,true,2025-06-26T12:44:32.734Z
2208037,5,,false,2025-06-26T12:44:32.734Z
2509041,5,,false,2025-06-26T12:44:32.735Z
2403030,5,,true,2025-06-26T12:44:32.735Z
2411047,5,,true,2025-06-26T12:44:32.735Z
2505045,5,,true,2025-06-26T12:44:32.735Z
2202037,5,,true,2025-06-26T12:44:32.735Z
2307030,5,,true,2025-06-26T12:44:32.735Z
2301054,5,,true,2025-06-26T12:44:32.735Z
2309026,5,,true,2025-06-26T12:44:32.735Z
2309034,5,,true,2025-06-26T12:44:32.735Z
2203043,5,,true,2025-06-26T12:44:32.735Z
2308047,5,,true,2025-06-26T12:44:32.735Z
2204032,5,,true,2025-06-26T12:44:32.736Z
2307050,5,,true,2025-06-26T12:44:32.736Z
2307024,5,,true,2025-06-26T12:44:32.736Z
2406024,5,,true,2025-06-26T12:44:32.736Z
2501055,5,,true,2025-06-26T12:44:32.736Z
2511023,5,,true,2025-06-26T12:44:32.736Z
2409045,5,,true,2025-06-26T12:44:32.736Z
2504039,5,,true,2025-06-26T12:44:32.736Z
2304050,5,,true,2025-06-26T12:44:32.736Z
2309041,5,,true,2025-06-26T12:44:32.736Z
2308028,5,,true,2025-06-26T12:44:32.736Z
2308046,5,,true,2025-06-26T12:44:32.737Z
2504030,5,,true,2025-06-26T12:44:32.737Z
2406048,5,,true,2025-06-26T12:44:32.737Z
2207056,5,,true,2025-06-26T12:44:32.737Z
2412034,5,,true,2025-06-26T12:44:32.737Z
2410059,5,,true,2025-06-26T12:44:32.737Z
2505053,5,,true,2025-06-26T12:44:32.737Z
2208021,5,,true,2025-06-26T12:44:32.737Z
2508030,5,,true,2025-06-26T12:44:32.737Z
2502021,5,,true,2025-06-26T12:44:32.737Z
2511021,5,,true,2025-06-26T12:44:32.738Z
2410029,5,,true,2025-06-26T12:44:32.738Z
2208030,5,,true,2025-06-26T12:44:32.738Z
2506036,5,,true,2025-06-26T12:44:32.738Z
2508038,5,,true,2025-06-26T12:44:32.738Z
2308038,5,,true,2025-06-26T12:44:32.738Z
2401032,5,,true,2025-06-26T12:44:32.738Z
2312040,5,,true,2025-06-26T12:44:32.738Z
2502024,5,,true,2025-06-26T12:44:32.738Z
2307035,5,,true,2025-06-26T12:44:32.738Z
2512044,5,,true,2025-06-26T12:44:32.739Z
2403042,5,,true,2025-06-26T12:44:32.739Z
2504032,5,,true,2025-06-26T12:44:32.739Z
2307034,5,,true,2025-06-26T12:44:32.739Z
2302038,5,,true,2025-06-26T12:44:32.739Z
2210047,5,,true,2025-06-26T12:44:32.739Z
2511022,5,,true,2025-06-26T12:44:32.739Z
2505048,5,,true,2025-06-26T12:44:32.739Z
2212050,5,,true,2025-06-26T12:44:32.740Z
2512043,5,,true,2025-06-26T12:44:32.740Z
2206047,5,,true,2025-06-26T12:44:32.740Z
2412026,5,,true,2025-06-26T12:44:32.740Z
2508045,5,,true,2025-06-26T12:44:32.740Z
2304056,5,,true,2025-06-26T12:44:32.740Z
2502022,5,,false,2025-06-26T12:44:32.740Z
2502037,5,,true,2025-06-26T12:44:32.740Z
2312041,5,,true,2025-06-26T12:44:32.740Z
2306027,5,,true,2025-06-26T12:44:32.740Z
2501037,5,,true,2025-06-26T12:44:32.740Z
2202045,5,,true,2025-06-26T12:44:32.741Z
2411056,5,,true,2025-06-26T12:44:32.741Z
2307047,5,,true,2025-06-26T12:44:32.741Z
2408051,5,,true,2025-06-26T12:44:32.741Z
2408024,5,,true,2025-06-26T12:44:32.741Z
2510034,5,,true,2025-06-26T12:44:32.741Z
2404054,5,,false,2025-06-26T12:44:32.741Z
2309022,5,,false,2025-06-26T12:44:32.741Z
2203021,5,,true,2025-06-26T12:44:32.741Z
2410052,5,,true,2025-06-26T12:44:32.741Z
2201036,5,,true,2025-06-26T12:44:32.741Z
2411051,5,,true,2025-06-26T12:44:32.742Z
2509057,5,,true,2025-06-26T12:44:32.742Z
2409050,5,,false,2025-06-26T12:44:32.742Z
2310048,5,,true,2025-06-26T12:44:32.742Z
2207037,5,,true,2025-06-26T12:44:32.742Z
2403031,5,,true,2025-06-26T12:44:32.742Z
2203060,5,,true,2025-06-26T12:44:32.742Z
2206058,5,,true,2025-06-26T12:44:32.742Z
2304047,5,,true,2025-06-26T12:44:32.742Z
2402028,5,,true,2025-06-26T12:44:32.742Z
2203057,5,,false,2025-06-26T12:44:32.742Z
2311031,5,,true,2025-06-26T12:44:32.743Z
2510025,5,,true,2025-06-26T12:44:32.743Z
2509043,5,,true,2025-06-26T12:44:32.743Z
2208060,5,,true,2025-06-26T12:44:32.743Z
2308041,5,,true,2025-06-26T12:44:32.743Z
2505042,5,,true,2025-06-26T12:44:32.743Z
2503022,5,,true,2025-06-26T12:44:32.743Z
2208032,5,,true,2025-06-26T12:44:32.743Z
2506056,5,,true,2025-06-26T12:44:32.743Z
2409037,5,,true,2025-06-26T12:44:32.744Z
2403021,5,,true,2025-06-26T12:44:32.744Z
2307037,5,,true,2025-06-26T12:44:32.744Z
2410026,5,,false,2025-06-26T12:44:32.744Z
2408053,5,,true,2025-06-26T12:44:32.744Z
2406037,5,,true,2025-06-26T12:44:32.744Z
2506027,5,,true,2025-06-26T12:44:32.744Z
2304049,5,,true,2025-06-26T12:44:32.744Z
2509040,5,,true,2025-06-26T12:44:32.744Z
2209046,5,,true,2025-06-26T12:44:32.744Z
2407039,5,,true,2025-06-26T12:44:32.744Z
2310042,5,,true,2025-06-26T12:44:32.745Z
2312034,5,,true,2025-06-26T12:44:32.745Z
2204043,5,,true,2025-06-26T12:44:32.745Z
2212030,5,,true,2025-06-26T12:44:32.745Z
2302059,5,,true,2025-06-26T12:44:32.745Z
2202036,5,,true,2025-06-26T12:44:32.745Z
2206039,5,,true,2025-06-26T12:44:32.745Z
2306039,5,,true,2025-06-26T12:44:32.745Z
2412046,5,,true,2025-06-26T12:44:32.745Z
2406058,5,,true,2025-06-26T12:44:32.745Z
2311048,5,,false,2025-06-26T12:44:32.745Z
2403055,5,,true,2025-06-26T12:44:32.746Z
2203030,5,,false,2025-06-26T12:44:32.746Z
2412029,5,,true,2025-06-26T12:44:32.746Z
2312048,5,,true,2025-06-26T12:44:32.746Z
2404050,5,,true,2025-06-26T12:44:32.746Z
2208059,5,,true,2025-06-26T12:44:32.746Z
2405041,5,,true,2025-06-26T12:44:32.746Z
2302032,5,,true,2025-06-26T12:44:32.746Z
2301042,5,,true,2025-06-26T12:44:32.746Z
2409033,5,,true,2025-06-26T12:44:32.747Z
2209044,5,,true,2025-06-26T12:44:32.747Z
2211029,5,,true,2025-06-26T12:44:32.747Z
2302057,5,,true,2025-06-26T12:44:32.747Z
2411038,5,,true,2025-06-26T12:44:32.747Z
2310033,5,,true,2025-06-26T12:44:32.747Z
2404039,5,,true,2025-06-26T12:44:32.747Z
2510032,5,,true,2025-06-26T12:44:32.747Z
2204035,5,,true,2025-06-26T12:44:32.747Z
2210051,5,,true,2025-06-26T12:44:32.747Z
2502059,5,,true,2025-06-26T12:44:32.747Z
2210045,5,,true,2025-06-26T12:44:32.748Z
2301047,5,,true,2025-06-26T12:44:32.748Z
2308029,5,,true,2025-06-26T12:44:32.748Z
2405058,5,,true,2025-06-26T12:44:32.748Z
2306050,5,,true,2025-06-26T12:44:32.748Z
2501038,5,,true,2025-06-26T12:44:32.748Z
2206045,5,,true,2025-06-26T12:44:32.748Z
2201023,5,,true,2025-06-26T12:44:32.748Z
2408026,5,,true,2025-06-26T12:44:32.748Z
2208057,5,,true,2025-06-26T12:44:32.748Z
2203026,5,,true,2025-06-26T12:44:32.748Z
2303032,5,,true,2025-06-26T12:44:32.749Z
2304044,5,,true,2025-06-26T12:44:32.749Z
2503060,5,,true,2025-06-26T12:44:32.749Z
2410025,5,,true,2025-06-26T12:44:32.749Z
2311034,5,,true,2025-06-26T12:44:32.749Z
2311042,5,,true,2025-06-26T12:44:32.749Z
2408057,5,,true,2025-06-26T12:44:32.749Z
2201030,5,,true,2025-06-26T12:44:32.749Z
2511060,5,,true,2025-06-26T12:44:32.749Z
2208033,5,,true,2025-06-26T12:44:32.750Z
2311044,5,,true,2025-06-26T12:44:32.750Z
2502043,5,,true,2025-06-26T12:44:32.750Z
2407042,5,,true,2025-06-26T12:44:32.750Z
2312025,5,,true,2025-06-26T12:44:32.750Z
2501044,5,,true,2025-06-26T12:44:32.750Z
2507022,5,,true,2025-06-26T12:44:32.750Z
2512057,5,,true,2025-06-26T12:44:32.750Z
2304048,5,,true,2025-06-26T12:44:32.750Z
2201028,5,,true,2025-06-26T12:44:32.750Z
2208047,5,,true,2025-06-26T12:44:32.750Z
2412048,5,,true,2025-06-26T12:44:32.751Z
2408048,5,,true,2025-06-26T12:44:32.751Z
2402029,5,,true,2025-06-26T12:44:32.751Z
2306042,5,,true,2025-06-26T12:44:32.751Z
2408054,5,,true,2025-06-26T12:44:32.751Z
2401026,5,,true,2025-06-26T12:44:32.751Z
2202048,5,,true,2025-06-26T12:44:32.751Z
2512037,5,,true,2025-06-26T12:44:32.751Z
2404040,5,,true,2025-06-26T12:44:32.751Z
2408047,5,,true,2025-06-26T12:44:32.751Z
2301053,5,,true,2025-06-26T12:44:32.751Z
2308057,5,,true,2025-06-26T12:44:32.752Z
2306031,5,,true,2025-06-26T12:44:32.752Z
2302046,5,,true,2025-06-26T12:44:32.752Z
2303053,5,,true,2025-06-26T12:44:32.752Z
2411049,5,,true,2025-06-26T12:44:32.752Z
2301034,5,,true,2025-06-26T12:44:32.752Z
2311032,5,,true,2025-06-26T12:44:32.752Z
2509052,5,,true,2025-06-26T12:44:32.752Z
2301055,5,,true,2025-06-26T12:44:32.752Z
2503059,5,,true,2025-06-26T12:44:32.753Z
2201029,5,,true,2025-06-26T12:44:32.753Z
2302043,5,,true,2025-06-26T12:44:32.753Z
2510056,5,,true,2025-06-26T12:44:32.753Z
2512022,5,,true,2025-06-26T12:44:32.753Z
2510042,5,,true,2025-06-26T12:44:32.753Z
2506053,5,,true,2025-06-26T12:44:32.753Z
2308054,5,,true,2025-06-26T12:44:32.753Z
2411021,5,,true,2025-06-26T12:44:32.753Z
2203047,5,,true,2025-06-26T12:44:32.753Z
2511048,5,,true,2025-06-26T12:44:32.753Z
2209048,5,,true,2025-06-26T12:44:32.753Z
2408059,5,,true,2025-06-26T12:44:32.754Z
2207028,5,,true,2025-06-26T12:44:32.754Z
2302030,5,,true,2025-06-26T12:44:32.754Z
2302029,5,,false,2025-06-26T12:44:32.754Z
2204052,5,,true,2025-06-26T12:44:32.754Z
2412050,5,,true,2025-06-26T12:44:32.754Z
2309023,5,,true,2025-06-26T12:44:32.754Z
2405049,5,,true,2025-06-26T12:44:32.754Z
2507053,5,,true,2025-06-26T12:44:32.754Z
2409036,5,,true,2025-06-26T12:44:32.754Z
2508059,5,,true,2025-06-26T12:44:32.754Z
2504031,5,,true,2025-06-26T12:44:32.755Z
2206032,5,,true,2025-06-26T12:44:32.755Z
2201059,5,,true,2025-06-26T12:44:32.755Z
2502055,5,,true,2025-06-26T12:44:32.755Z
2506045,5,,true,2025-06-26T12:44:32.755Z
2412051,5,,true,2025-06-26T12:44:32.755Z
2212029,5,,false,2025-06-26T12:44:32.755Z
2210029,5,,true,2025-06-26T12:44:32.755Z
2509028,5,,true,2025-06-26T12:44:32.755Z
2411042,5,,true,2025-06-26T12:44:32.755Z
2501052,5,,true,2025-06-26T12:44:32.755Z
2303034,5,,true,2025-06-26T12:44:32.756Z
2405031,5,,true,2025-06-26T12:44:32.756Z
2512036,5,,true,2025-06-26T12:44:32.756Z
2405044,5,,true,2025-06-26T12:44:32.756Z
2303055,5,,false,2025-06-26T12:44:32.756Z
2201056,5,,false,2025-06-26T12:44:32.756Z
2407045,5,,false,2025-06-26T12:44:32.756Z
2204042,5,,false,2025-06-26T12:44:32.756Z
2204038,5,,true,2025-06-26T12:44:32.756Z
2512029,5,,true,2025-06-26T12:44:32.756Z
2411022,5,,false,2025-06-26T12:44:32.757Z
2403046,5,,false,2025-06-26T12:44:32.757Z
2511050,5,,true,2025-06-26T12:44:32.757Z
2504056,5,,true,2025-06-26T12:44:32.757Z
2204046,5,,true,2025-06-26T12:44:32.757Z
2503046,5,,true,2025-06-26T12:44:32.757Z
2211027,5,,false,2025-06-26T12:44:32.757Z
2410055,5,,true,2025-06-26T12:44:32.757Z
2404053,5,,true,2025-06-26T12:44:32.757Z
2206030,5,,true,2025-06-26T12:44:32.757Z
2302034,5,,true,2025-06-26T12:44:32.758Z
2506030,5,,true,2025-06-26T12:44:32.758Z
2510027,5,,true,2025-06-26T12:44:32.758Z
2211060,5,,false,2025-06-26T12:44:32.758Z
2410032,5,,true,2025-06-26T12:44:32.758Z
2206044,5,,true,2025-06-26T12:44:32.758Z
2506047,5,,true,2025-06-26T12:44:32.758Z
2204055,5,,true,2025-06-26T12:44:32.758Z
2506035,5,,false,2025-06-26T12:44:32.759Z
2505041,5,,false,2025-06-26T12:44:32.759Z
2412056,5,,false,2025-06-26T12:44:32.759Z
2207033,5,,false,2025-06-26T12:44:32.759Z
2402033,5,,true,2025-06-26T12:44:32.759Z
2303044,5,,true,2025-06-26T12:44:32.759Z
2311059,5,,false,2025-06-26T12:44:32.759Z
2510048,5,,true,2025-06-26T12:44:32.759Z
2402040,5,,true,2025-06-26T12:44:32.759Z
2211044,5,,true,2025-06-26T12:44:32.759Z
2207058,5,,true,2025-06-26T12:44:32.760Z
2206056,5,,true,2025-06-26T12:44:32.760Z
2206059,5,,true,2025-06-26T12:44:32.760Z
2509024,5,,true,2025-06-26T12:44:32.760Z
2408023,5,,true,2025-06-26T12:44:32.760Z
2310052,5,,true,2025-06-26T12:44:32.760Z
2504026,5,,true,2025-06-26T12:44:32.760Z
2504028,5,,true,2025-06-26T12:44:32.760Z
2207048,5,,true,2025-06-26T12:44:32.761Z
2307046,5,,false,2025-06-26T12:44:32.761Z
2502038,5,,true,2025-06-26T12:44:32.761Z
2408060,5,,true,2025-06-26T12:44:32.761Z
2306045,5,,true,2025-06-26T12:44:32.761Z
2407029,5,,true,2025-06-26T12:44:32.761Z
2308027,5,,true,2025-06-26T12:44:32.761Z
2404021,5,,true,2025-06-26T12:44:32.761Z
2509056,5,,true,2025-06-26T12:44:32.761Z
2409040,5,,true,2025-06-26T12:44:32.761Z
2201055,5,,true,2025-06-26T12:44:32.762Z
2301031,5,,false,2025-06-26T12:44:32.762Z
2211042,5,,true,2025-06-26T12:44:32.762Z
2405057,5,,true,2025-06-26T12:44:32.762Z
2304045,5,,true,2025-06-26T12:44:32.762Z
2505046,5,,true,2025-06-26T12:44:32.762Z