2201021,1,2025-26,L4T2,2022014753
2201029,1,2025-26,L4T2,2022014753
2201024,1,2025-26,L4T2,2022014753
2201023,1,2025-26,L4T2,2022014753
2201026,1,2025-26,L4T2,2022014753
2201030,1,2025-26,L4T2,2022014753
2201031,1,2025-26,L4T2,2022014753
2201033,1,2025-26,L4T2,2022014753
2201034,1,2025-26,L4T2,2022014753
2201035,1,2025-26,L4T2,2022014753
2201036,1,2025-26,L4T2,2022014753
2201038,1,2025-26,L4T2,2022014753
2201039,1,2025-26,L4T2,2022014753
2201044,1,2025-26,L4T2,2022014753
2201045,1,2025-26,L4T2,2022014753
2201046,1,2025-26,L4T2,2022014753
2201047,1,2025-26,L4T2,2022014753
2201048,1,2025-26,L4T2,2022014753
2201053,1,2025-26,L4T2,2022014753
2201054,1,2025-26,L4T2,2022014753
2201055,1,2025-26,L4T2,2022014753
2201056,1,2025-26,L4T2,2022014753
2201057,1,2025-26,L4T2,2022014753
2202025,2,2025-26,L4T2,2020022299
2202026,2,2025-26,L4T2,2020022299
2202027,2,2025-26,L4T2,2020022299
2202028,2,2025-26,L4T2,2020022299
2202024,2,2025-26,L4T2,2020022299
2202031,2,2025-26,L4T2,2020022299
2202034,2,2025-26,L4T2,2020022299
2202035,2,2025-26,L4T2,2020022299
2202037,2,2025-26,L4T2,2020022299
2202039,2,2025-26,L4T2,2020022299
2202040,2,2025-26,L4T2,2020022299
2202043,2,2025-26,L4T2,2020022299
2202045,2,2025-26,L4T2,2020022299
2202047,2,2025-26,L4T2,2020022299
2202049,2,2025-26,L4T2,2020022299
2202050,2,2025-26,L4T2,2020022299
2202052,2,2025-26,L4T2,2020022299
2202053,2,2025-26,L4T2,2020022299
2202055,2,2025-26,L4T2,2020022299
2202058,2,2025-26,L4T2,2020022299
2202060,2,2025-26,L4T2,2020022299
2203025,3,2025-26,L4T2,2023033311
2203023,3,2025-26,L4T2,2023033311
2203021,3,2025-26,L4T2,2023033311
2203028,3,2025-26,L4T2,2023033311
2203029,3,2025-26,L4T2,2023033311
2203030,3,2025-26,L4T2,2023033311
2203031,3,2025-26,L4T2,2023033311
2203032,3,2025-26,L4T2,2023033311
2203035,3,2025-26,L4T2,2023033311
2203036,3,2025-26,L4T2,2023033311
2203038,3,2025-26,L4T2,2023033311
2203039,3,2025-26,L4T2,2023033311
2203041,3,2025-26,L4T2,2023033311
2203044,3,2025-26,L4T2,2023033311
2203045,3,2025-26,L4T2,2023033311
2203047,3,2025-26,L4T2,2023033311
2203048,3,2025-26,L4T2,2023033311
2203049,3,2025-26,L4T2,2023033311
2203053,3,2025-26,L4T2,2023033311
2203054,3,2025-26,L4T2,2023033311
2203056,3,2025-26,L4T2,2023033311
2203057,3,2025-26,L4T2,2023033311
2203058,3,2025-26,L4T2,2023033311
2204024,4,2025-26,L4T2,2016041148
2204023,4,2025-26,L4T2,2016041148
2204026,4,2025-26,L4T2,2016041148
2204027,4,2025-26,L4T2,2016041148
2204029,4,2025-26,L4T2,2016041148
2204032,4,2025-26,L4T2,2016041148
2204033,4,2025-26,L4T2,2016041148
2204034,4,2025-26,L4T2,2016041148
2204035,4,2025-26,L4T2,2016041148
2204036,4,2025-26,L4T2,2016041148
2204041,4,2025-26,L4T2,2016041148
2204042,4,2025-26,L4T2,2016041148
2204043,4,2025-26,L4T2,2016041148
2204044,4,2025-26,L4T2,2016041148
2204045,4,2025-26,L4T2,2016041148
2204050,4,2025-26,L4T2,2016041148
2204051,4,2025-26,L4T2,2016041148
2204052,4,2025-26,L4T2,2016041148
2204054,4,2025-26,L4T2,2016041148
2204055,4,2025-26,L4T2,2016041148
2204059,4,2025-26,L4T2,2016041148
2204060,4,2025-26,L4T2,2016041148
2206021,6,2025-26,L4T2,2025063474
2206026,6,2025-26,L4T2,2025063474
2206023,6,2025-26,L4T2,2025063474
2206027,6,2025-26,L4T2,2025063474
2206029,6,2025-26,L4T2,2025063474
2206031,6,2025-26,L4T2,2025063474
2206032,6,2025-26,L4T2,2025063474
2206033,6,2025-26,L4T2,2025063474
2206036,6,2025-26,L4T2,2025063474
2206038,6,2025-26,L4T2,2025063474
2206040,6,2025-26,L4T2,2025063474
2206041,6,2025-26,L4T2,2025063474
2206042,6,2025-26,L4T2,2025063474
2206043,6,2025-26,L4T2,2025063474
2206044,6,2025-26,L4T2,2025063474
2206046,6,2025-26,L4T2,2025063474
2206050,6,2025-26,L4T2,2025063474
2206051,6,2025-26,L4T2,2025063474
2206052,6,2025-26,L4T2,2025063474
2206053,6,2025-26,L4T2,2025063474
2206057,6,2025-26,L4T2,2025063474
2206059,6,2025-26,L4T2,2025063474
2206058,6,2025-26,L4T2,2025063474
2207026,7,2025-26,L4T2,2023071728
2207027,7,2025-26,L4T2,2023071728
2207029,7,2025-26,L4T2,2023071728
2207023,7,2025-26,L4T2,2023071728
2207022,7,2025-26,L4T2,2023071728
2207031,7,2025-26,L4T2,2023071728
2207033,7,2025-26,L4T2,2023071728
2207035,7,2025-26,L4T2,2023071728
2207036,7,2025-26,L4T2,2023071728
2207037,7,2025-26,L4T2,2023071728
2207040,7,2025-26,L4T2,2023071728
2207042,7,2025-26,L4T2,2023071728
2207043,7,2025-26,L4T2,2023071728
2207045,7,2025-26,L4T2,2023071728
2207048,7,2025-26,L4T2,2023071728
2207050,7,2025-26,L4T2,2023071728
2207052,7,2025-26,L4T2,2023071728
2207053,7,2025-26,L4T2,2023071728
2207055,7,2025-26,L4T2,2023071728
2207056,7,2025-26,L4T2,2023071728
2207060,7,2025-26,L4T2,2023071728
2208024,8,2025-26,L4T2,2017081474
2208025,8,2025-26,L4T2,2017081474
2208021,8,2025-26,L4T2,2017081474
2208023,8,2025-26,L4T2,2017081474
2208029,8,2025-26,L4T2,2017081474
2208030,8,2025-26,L4T2,2017081474
2208032,8,2025-26,L4T2,2017081474
2208033,8,2025-26,L4T2,2017081474
2208036,8,2025-26,L4T2,2017081474
2208037,8,2025-26,L4T2,2017081474
2208034,8,2025-26,L4T2,2017081474
2208041,8,2025-26,L4T2,2017081474
2208042,8,2025-26,L4T2,2017081474
2208043,8,2025-26,L4T2,2017081474
2208045,8,2025-26,L4T2,2017081474
2208046,8,2025-26,L4T2,2017081474
2208047,8,2025-26,L4T2,2017081474
2208049,8,2025-26,L4T2,2017081474
2208052,8,2025-26,L4T2,2017081474
2208054,8,2025-26,L4T2,2017081474
2208055,8,2025-26,L4T2,2017081474
2208057,8,2025-26,L4T2,2017081474
2208059,8,2025-26,L4T2,2017081474
2208060,8,2025-26,L4T2,2017081474
2209021,9,2025-26,L4T2,2020099983
2209026,9,2025-26,L4T2,2020099983
2209027,9,2025-26,L4T2,2020099983
2209023,9,2025-26,L4T2,2020099983
2209022,9,2025-26,L4T2,2020099983
2209031,9,2025-26,L4T2,2020099983
2209032,9,2025-26,L4T2,2020099983
2209034,9,2025-26,L4T2,2020099983
2209038,9,2025-26,L4T2,2020099983
2209037,9,2025-26,L4T2,2020099983
2209040,9,2025-26,L4T2,2020099983
2209042,9,2025-26,L4T2,2020099983
2209044,9,2025-26,L4T2,2020099983
2209043,9,2025-26,L4T2,2020099983
2209046,9,2025-26,L4T2,2020099983
2209049,9,2025-26,L4T2,2020099983
2209051,9,2025-26,L4T2,2020099983
2209052,9,2025-26,L4T2,2020099983
2209053,9,2025-26,L4T2,2020099983
2209056,9,2025-26,L4T2,2020099983
2209057,9,2025-26,L4T2,2020099983
2209059,9,2025-26,L4T2,2020099983
2210024,10,2025-26,L4T2,2020106203
2210022,10,2025-26,L4T2,2020106203
2210027,10,2025-26,L4T2,2020106203
2210029,10,2025-26,L4T2,2020106203
2210023,10,2025-26,L4T2,2020106203
2210030,10,2025-26,L4T2,2020106203
2210034,10,2025-26,L4T2,2020106203
2210036,10,2025-26,L4T2,2020106203
2210037,10,2025-26,L4T2,2020106203
2210038,10,2025-26,L4T2,2020106203
2210039,10,2025-26,L4T2,2020106203
2210043,10,2025-26,L4T2,2020106203
2210044,10,2025-26,L4T2,2020106203
2210047,10,2025-26,L4T2,2020106203
2210048,10,2025-26,L4T2,2020106203
2210049,10,2025-26,L4T2,2020106203
2210050,10,2025-26,L4T2,2020106203
2210054,10,2025-26,L4T2,2020106203
2210056,10,2025-26,L4T2,2020106203
2210060,10,2025-26,L4T2,2020106203
2211021,11,2025-26,L4T2,2023111860
2211027,11,2025-26,L4T2,2023111860
2211024,11,2025-26,L4T2,2023111860
2211029,11,2025-26,L4T2,2023111860
2211028,11,2025-26,L4T2,2023111860
2211032,11,2025-26,L4T2,2023111860
2211034,11,2025-26,L4T2,2023111860
2211036,11,2025-26,L4T2,2023111860
2211035,11,2025-26,L4T2,2023111860
2211038,11,2025-26,L4T2,2023111860
2211041,11,2025-26,L4T2,2023111860
2211042,11,2025-26,L4T2,2023111860
2211044,11,2025-26,L4T2,2023111860
2211046,11,2025-26,L4T2,2023111860
2211047,11,2025-26,L4T2,2023111860
2211049,11,2025-26,L4T2,2023111860
2211053,11,2025-26,L4T2,2023111860
2211054,11,2025-26,L4T2,2023111860
2211055,11,2025-26,L4T2,2023111860
2211056,11,2025-26,L4T2,2023111860
2211059,11,2025-26,L4T2,2023111860
2211060,11,2025-26,L4T2,2023111860
2212022,12,2025-26,L4T2,2020125390
2212025,12,2025-26,L4T2,2020125390
2212028,12,2025-26,L4T2,2020125390
2212021,12,2025-26,L4T2,2020125390
2212030,12,2025-26,L4T2,2020125390
2201028,1,2025-26,L4T2,2022014753
2201032,1,2025-26,L4T2,2022014753
2201041,1,2025-26,L4T2,2022014753
2201051,1,2025-26,L4T2,2022014753
2201060,1,2025-26,L4T2,2022014753
2202021,2,2025-26,L4T2,2020022299
2202036,2,2025-26,L4T2,2020022299
2202046,2,2025-26,L4T2,2020022299
2202054,2,2025-26,L4T2,2020022299
2203027,3,2025-26,L4T2,2023033311
2203034,3,2025-26,L4T2,2023033311
2203043,3,2025-26,L4T2,2023033311
2203052,3,2025-26,L4T2,2023033311
2204025,4,2025-26,L4T2,2016041148
2204038,4,2025-26,L4T2,2016041148
2204046,4,2025-26,L4T2,2016041148
2204053,4,2025-26,L4T2,2016041148
2206028,6,2025-26,L4T2,2025063474
2206037,6,2025-26,L4T2,2025063474
2206045,6,2025-26,L4T2,2025063474
2206054,6,2025-26,L4T2,2025063474
2207028,7,2025-26,L4T2,2023071728
2207038,7,2025-26,L4T2,2023071728
2207046,7,2025-26,L4T2,2023071728
2207054,7,2025-26,L4T2,2023071728
2208026,8,2025-26,L4T2,2017081474
2208039,8,2025-26,L4T2,2017081474
2208051,8,2025-26,L4T2,2017081474
2209029,9,2025-26,L4T2,2020099983
2209036,9,2025-26,L4T2,2020099983
2209047,9,2025-26,L4T2,2020099983
2209055,9,2025-26,L4T2,2020099983
2210028,10,2025-26,L4T2,2020106203
2210033,10,2025-26,L4T2,2020106203
2210042,10,2025-26,L4T2,2020106203
2210055,10,2025-26,L4T2,2020106203
2211023,11,2025-26,L4T2,2023111860
2211031,11,2025-26,L4T2,2023111860
2211040,11,2025-26,L4T2,2023111860
2211048,11,2025-26,L4T2,2023111860
2211057,11,2025-26,L4T2,2023111860
2212024,12,2025-26,L4T2,2020125390
2212031,12,2025-26,L4T2,2020125390
2212040,12,2025-26,L4T2,2020125390
2212045,12,2025-26,L4T2,2020125390
2212052,12,2025-26,L4T2,2020125390
2501022,1,2025-26,L1T2,2004015928
2501021,1,2025-26,L1T2,2004015928
2501032,1,2025-26,L1T2,2004015928
2501034,1,2025-26,L1T2,2004015928
2501038,1,2025-26,L1T2,2004015928
2501040,1,2025-26,L1T2,2004015928
2501045,1,2025-26,L1T2,2004015928
2501048,1,2025-26,L1T2,2004015928
2501055,1,2025-26,L1T2,2004015928
2501056,1,2025-26,L1T2,2004015928
2502025,2,2025-26,L1T2,2015023105
2502026,2,2025-26,L1T2,2015023105
2502031,2,2025-26,L1T2,2015023105
2502036,2,2025-26,L1T2,2015023105
2502040,2,2025-26,L1T2,2015023105
2502044,2,2025-26,L1T2,2015023105
2502047,2,2025-26,L1T2,2015023105
2502052,2,2025-26,L1T2,2015023105
2502056,2,2025-26,L1T2,2015023105
2503025,3,2025-26,L1T2,2013034870
2503028,3,2025-26,L1T2,2013034870
2503031,3,2025-26,L1T2,2013034870
2503038,3,2025-26,L1T2,2013034870
2503040,3,2025-26,L1T2,2013034870
2503044,3,2025-26,L1T2,2013034870
2503050,3,2025-26,L1T2,2013034870
2503054,3,2025-26,L1T2,2013034870
2503060,3,2025-26,L1T2,2013034870
2504023,4,2025-26,L1T2,2005045826
2504027,4,2025-26,L1T2,2005045826
2504032,4,2025-26,L1T2,2005045826
2504036,4,2025-26,L1T2,2005045826
2504041,4,2025-26,L1T2,2005045826
2504046,4,2025-26,L1T2,2005045826
2504050,4,2025-26,L1T2,2005045826
2504055,4,2025-26,L1T2,2005045826
2504059,4,2025-26,L1T2,2005045826
2505022,5,2025-26,L1T2,2003057433
2505025,5,2025-26,L1T2,2003057433
2505030,5,2025-26,L1T2,2003057433
2505035,5,2025-26,L1T2,2003057433
2505039,5,2025-26,L1T2,2003057433
2505047,5,2025-26,L1T2,2003057433
2505048,5,2025-26,L1T2,2003057433
2505055,5,2025-26,L1T2,2003057433
2505057,5,2025-26,L1T2,2003057433
2506024,6,2025-26,L1T2,2017068099
2506026,6,2025-26,L1T2,2017068099
2506030,6,2025-26,L1T2,2017068099
2506034,6,2025-26,L1T2,2017068099
2506038,6,2025-26,L1T2,2017068099
2506043,6,2025-26,L1T2,2017068099
2506047,6,2025-26,L1T2,2017068099
2506052,6,2025-26,L1T2,2017068099
2506055,6,2025-26,L1T2,2017068099
2506060,6,2025-26,L1T2,2017068099
2507022,7,2025-26,L1T2,2008076004
2507026,7,2025-26,L1T2,2008076004
2507036,7,2025-26,L1T2,2008076004
2507037,7,2025-26,L1T2,2008076004
2507045,7,2025-26,L1T2,2008076004
2507046,7,2025-26,L1T2,2008076004
2507057,7,2025-26,L1T2,2008076004
2507058,7,2025-26,L1T2,2008076004
2508025,8,2025-26,L1T2,2007088132
2508023,8,2025-26,L1T2,2007088132
2508033,8,2025-26,L1T2,2007088132
2508040,8,2025-26,L1T2,2007088132
2508042,8,2025-26,L1T2,2007088132
2508047,8,2025-26,L1T2,2007088132
2508051,8,2025-26,L1T2,2007088132
2508055,8,2025-26,L1T2,2007088132
2508057,8,2025-26,L1T2,2007088132
2509025,9,2025-26,L1T2,2012094017
2509024,9,2025-26,L1T2,2012094017
2509030,9,2025-26,L1T2,2012094017
2509038,9,2025-26,L1T2,2012094017
2509039,9,2025-26,L1T2,2012094017
2509046,9,2025-26,L1T2,2012094017
2509047,9,2025-26,L1T2,2012094017
2509055,9,2025-26,L1T2,2012094017
2509056,9,2025-26,L1T2,2012094017
2510025,10,2025-26,L1T2,2006109840
2510027,10,2025-26,L1T2,2006109840
2510034,10,2025-26,L1T2,2006109840
2510036,10,2025-26,L1T2,2006109840
2510043,10,2025-26,L1T2,2006109840
2510044,10,2025-26,L1T2,2006109840
2510051,10,2025-26,L1T2,2006109840
2510055,10,2025-26,L1T2,2006109840
2511028,11,2025-26,L1T2,2006113679
2511029,11,2025-26,L1T2,2006113679
2511034,11,2025-26,L1T2,2006113679
2511037,11,2025-26,L1T2,2006113679
2511043,11,2025-26,L1T2,2006113679
2511047,11,2025-26,L1T2,2006113679
2511052,11,2025-26,L1T2,2006113679
2511058,11,2025-26,L1T2,2006113679
2511060,11,2025-26,L1T2,2006113679
2512021,12,2025-26,L1T2,2010124182
2512022,12,2025-26,L1T2,2010124182
2512030,12,2025-26,L1T2,2010124182
2512036,12,2025-26,L1T2,2010124182
2512039,12,2025-26,L1T2,2010124182
2512044,12,2025-26,L1T2,2010124182
2512048,12,2025-26,L1T2,2010124182
2512053,12,2025-26,L1T2,2010124182
2512057,12,2025-26,L1T2,2010124182
2512059,12,2025-26,L1T2,2010124182
2201025,1,2025-26,L4T2,2022014753
2201022,1,2025-26,L4T2,2022014753
2201027,1,2025-26,L4T2,2022014753
2201037,1,2025-26,L4T2,2022014753
2201040,1,2025-26,L4T2,2022014753
2201042,1,2025-26,L4T2,2022014753
2201043,1,2025-26,L4T2,2022014753
2201049,1,2025-26,L4T2,2022014753
2201050,1,2025-26,L4T2,2022014753
2201052,1,2025-26,L4T2,2022014753
2201058,1,2025-26,L4T2,2022014753
2201059,1,2025-26,L4T2,2022014753
2202022,2,2025-26,L4T2,2020022299
2202023,2,2025-26,L4T2,2020022299
2202029,2,2025-26,L4T2,2020022299
2202030,2,2025-26,L4T2,2020022299
2202032,2,2025-26,L4T2,2020022299
2202033,2,2025-26,L4T2,2020022299
2202038,2,2025-26,L4T2,2020022299
2202041,2,2025-26,L4T2,2020022299
2202042,2,2025-26,L4T2,2020022299
2202044,2,2025-26,L4T2,2020022299
2202048,2,2025-26,L4T2,2020022299
2202051,2,2025-26,L4T2,2020022299
2202056,2,2025-26,L4T2,2020022299
2202057,2,2025-26,L4T2,2020022299
2202059,2,2025-26,L4T2,2020022299
2203022,3,2025-26,L4T2,2023033311
2203026,3,2025-26,L4T2,2023033311
2203024,3,2025-26,L4T2,2023033311
2203033,3,2025-26,L4T2,2023033311
2203037,3,2025-26,L4T2,2023033311
2203040,3,2025-26,L4T2,2023033311
2203042,3,2025-26,L4T2,2023033311
2203046,3,2025-26,L4T2,2023033311
2203050,3,2025-26,L4T2,2023033311
2203051,3,2025-26,L4T2,2023033311
2203055,3,2025-26,L4T2,2023033311
2203059,3,2025-26,L4T2,2023033311
2203060,3,2025-26,L4T2,2023033311
2204021,4,2025-26,L4T2,2016041148
2204022,4,2025-26,L4T2,2016041148
2204028,4,2025-26,L4T2,2016041148
2204030,4,2025-26,L4T2,2016041148
2204031,4,2025-26,L4T2,2016041148
2204037,4,2025-26,L4T2,2016041148
2204039,4,2025-26,L4T2,2016041148
2204040,4,2025-26,L4T2,2016041148
2204047,4,2025-26,L4T2,2016041148
2204048,4,2025-26,L4T2,2016041148
2204049,4,2025-26,L4T2,2016041148
2204056,4,2025-26,L4T2,2016041148
2204057,4,2025-26,L4T2,2016041148
2204058,4,2025-26,L4T2,2016041148
2206024,6,2025-26,L4T2,2025063474
2206025,6,2025-26,L4T2,2025063474
2206022,6,2025-26,L4T2,2025063474
2206030,6,2025-26,L4T2,2025063474
2206034,6,2025-26,L4T2,2025063474
2206035,6,2025-26,L4T2,2025063474
2206039,6,2025-26,L4T2,2025063474
2206047,6,2025-26,L4T2,2025063474
2206048,6,2025-26,L4T2,2025063474
2206049,6,2025-26,L4T2,2025063474
2206055,6,2025-26,L4T2,2025063474
2206056,6,2025-26,L4T2,2025063474
2206060,6,2025-26,L4T2,2025063474
2207021,7,2025-26,L4T2,2023071728
2207025,7,2025-26,L4T2,2023071728
2207024,7,2025-26,L4T2,2023071728
2207030,7,2025-26,L4T2,2023071728
2207032,7,2025-26,L4T2,2023071728
2207034,7,2025-26,L4T2,2023071728
2207039,7,2025-26,L4T2,2023071728
2207041,7,2025-26,L4T2,2023071728
2207044,7,2025-26,L4T2,2023071728
2207047,7,2025-26,L4T2,2023071728
2207049,7,2025-26,L4T2,2023071728
2207051,7,2025-26,L4T2,2023071728
2207057,7,2025-26,L4T2,2023071728
2207058,7,2025-26,L4T2,2023071728
2207059,7,2025-26,L4T2,2023071728
2208028,8,2025-26,L4T2,2017081474
2208022,8,2025-26,L4T2,2017081474
2208027,8,2025-26,L4T2,2017081474
2208031,8,2025-26,L4T2,2017081474
2208035,8,2025-26,L4T2,2017081474
2208038,8,2025-26,L4T2,2017081474
2208040,8,2025-26,L4T2,2017081474
2208044,8,2025-26,L4T2,2017081474
2208048,8,2025-26,L4T2,2017081474
2208050,8,2025-26,L4T2,2017081474
2208053,8,2025-26,L4T2,2017081474
2208056,8,2025-26,L4T2,2017081474
2208058,8,2025-26,L4T2,2017081474
2209024,9,2025-26,L4T2,2020099983
2209025,9,2025-26,L4T2,2020099983
2209028,9,2025-26,L4T2,2020099983
2209030,9,2025-26,L4T2,2020099983
2209033,9,2025-26,L4T2,2020099983
2209035,9,2025-26,L4T2,2020099983
2209039,9,2025-26,L4T2,2020099983
2209041,9,2025-26,L4T2,2020099983
2209045,9,2025-26,L4T2,2020099983
2209048,9,2025-26,L4T2,2020099983
2209050,9,2025-26,L4T2,2020099983
2209054,9,2025-26,L4T2,2020099983
2209058,9,2025-26,L4T2,2020099983
2209060,9,2025-26,L4T2,2020099983
2210021,10,2025-26,L4T2,2020106203
2210025,10,2025-26,L4T2,2020106203
2210026,10,2025-26,L4T2,2020106203
2210032,10,2025-26,L4T2,2020106203
2210031,10,2025-26,L4T2,2020106203
2210035,10,2025-26,L4T2,2020106203
2210040,10,2025-26,L4T2,2020106203
2210041,10,2025-26,L4T2,2020106203
2210045,10,2025-26,L4T2,2020106203
2210046,10,2025-26,L4T2,2020106203
2210051,10,2025-26,L4T2,2020106203
2210052,10,2025-26,L4T2,2020106203
2210053,10,2025-26,L4T2,2020106203
2210057,10,2025-26,L4T2,2020106203
2210058,10,2025-26,L4T2,2020106203
2210059,10,2025-26,L4T2,2020106203
2211026,11,2025-26,L4T2,2023111860
2211022,11,2025-26,L4T2,2023111860
2211025,11,2025-26,L4T2,2023111860
2211030,11,2025-26,L4T2,2023111860
2211033,11,2025-26,L4T2,2023111860
2211037,11,2025-26,L4T2,2023111860
2211039,11,2025-26,L4T2,2023111860
2211043,11,2025-26,L4T2,2023111860
2211045,11,2025-26,L4T2,2023111860
2211050,11,2025-26,L4T2,2023111860
2211051,11,2025-26,L4T2,2023111860
2211052,11,2025-26,L4T2,2023111860
2211058,11,2025-26,L4T2,2023111860
2212023,12,2025-26,L4T2,2020125390
2212027,12,2025-26,L4T2,2020125390
2212029,12,2025-26,L4T2,2020125390
2212033,12,2025-26,L4T2,2020125390
2212035,12,2025-26,L4T2,2020125390
2212037,12,2025-26,L4T2,2020125390
2212038,12,2025-26,L4T2,2020125390
2212041,12,2025-26,L4T2,2020125390
2212044,12,2025-26,L4T2,2020125390
2212047,12,2025-26,L4T2,2020125390
2212049,12,2025-26,L4T2,2020125390
2212051,12,2025-26,L4T2,2020125390
2212057,12,2025-26,L4T2,2020125390
2212059,12,2025-26,L4T2,2020125390
2212060,12,2025-26,L4T2,2020125390
2501024,1,2025-26,L1T2,2004015928
2501030,1,2025-26,L1T2,2004015928
2501035,1,2025-26,L1T2,2004015928
2501037,1,2025-26,L1T2,2004015928
2501042,1,2025-26,L1T2,2004015928
2501049,1,2025-26,L1T2,2004015928
2501057,1,2025-26,L1T2,2004015928
2502028,2,2025-26,L1T2,2015023105
2502034,2,2025-26,L1T2,2015023105
2502042,2,2025-26,L1T2,2015023105
2502051,2,2025-26,L1T2,2015023105
2502059,2,2025-26,L1T2,2015023105
2503022,3,2025-26,L1T2,2013034870
2503036,3,2025-26,L1T2,2013034870
2503047,3,2025-26,L1T2,2013034870
2503052,3,2025-26,L1T2,2013034870
2504029,4,2025-26,L1T2,2005045826
2504037,4,2025-26,L1T2,2005045826
2504045,4,2025-26,L1T2,2005045826
2504053,4,2025-26,L1T2,2005045826
2505027,5,2025-26,L1T2,2003057433
2505036,5,2025-26,L1T2,2003057433
2505044,5,2025-26,L1T2,2003057433
2505052,5,2025-26,L1T2,2003057433
2506028,6,2025-26,L1T2,2017068099
2506039,6,2025-26,L1T2,2017068099
2506048,6,2025-26,L1T2,2017068099
2507028,7,2025-26,L1T2,2008076004
2507038,7,2025-26,L1T2,2008076004
2507049,7,2025-26,L1T2,2008076004
2507060,7,2025-26,L1T2,2008076004
2508022,8,2025-26,L1T2,2007088132
2508031,8,2025-26,L1T2,2007088132
2508035,8,2025-26,L1T2,2007088132
2508043,8,2025-26,L1T2,2007088132
2508052,8,2025-26,L1T2,2007088132
2509029,9,2025-26,L1T2,2012094017
2509036,9,2025-26,L1T2,2012094017
2509049,9,2025-26,L1T2,2012094017
2509058,9,2025-26,L1T2,2012094017
2510023,10,2025-26,L1T2,2006109840
2510038,10,2025-26,L1T2,2006109840
2510047,10,2025-26,L1T2,2006109840
2510054,10,2025-26,L1T2,2006109840
2511026,11,2025-26,L1T2,2006113679
2511035,11,2025-26,L1T2,2006113679
2511044,11,2025-26,L1T2,2006113679
2511051,11,2025-26,L1T2,2006113679
2512029,12,2025-26,L1T2,2010124182
2512033,12,2025-26,L1T2,2010124182
2512042,12,2025-26,L1T2,2010124182
2512050,12,2025-26,L1T2,2010124182
2512058,12,2025-26,L1T2,2010124182
2212026,12,2025-26,L4T2,2020125390
2212042,12,2025-26,L4T2,2020125390
2212050,12,2025-26,L4T2,2020125390
2212056,12,2025-26,L4T2,2020125390
2501023,1,2025-26,L1T2,2004015928
2501033,1,2025-26,L1T2,2004015928
2501039,1,2025-26,L1T2,2004015928
2501046,1,2025-26,L1T2,2004015928
2501052,1,2025-26,L1T2,2004015928
2501060,1,2025-26,L1T2,2004015928
2502022,2,2025-26,L1T2,2015023105
2502039,2,2025-26,L1T2,2015023105
2502050,2,2025-26,L1T2,2015023105
2502058,2,2025-26,L1T2,2015023105
2503023,3,2025-26,L1T2,2013034870
2503030,3,2025-26,L1T2,2013034870
2503039,3,2025-26,L1T2,2013034870
2503048,3,2025-26,L1T2,2013034870
2503056,3,2025-26,L1T2,2013034870
2504025,4,2025-26,L1T2,2005045826
2504033,4,2025-26,L1T2,2005045826
2504042,4,2025-26,L1T2,2005045826
2504051,4,2025-26,L1T2,2005045826
2504057,4,2025-26,L1T2,2005045826
2505024,5,2025-26,L1T2,2003057433
2505034,5,2025-26,L1T2,2003057433
2505041,5,2025-26,L1T2,2003057433
2505050,5,2025-26,L1T2,2003057433
2505059,5,2025-26,L1T2,2003057433
2506022,6,2025-26,L1T2,2017068099
2506031,6,2025-26,L1T2,2017068099
2506040,6,2025-26,L1T2,2017068099
2506049,6,2025-26,L1T2,2017068099
2507029,7,2025-26,L1T2,2008076004
2507033,7,2025-26,L1T2,2008076004
2507040,7,2025-26,L1T2,2008076004
2507050,7,2025-26,L1T2,2008076004
2507055,7,2025-26,L1T2,2008076004
2508026,8,2025-26,L1T2,2007088132
2508037,8,2025-26,L1T2,2007088132
2508049,8,2025-26,L1T2,2007088132
2509028,9,2025-26,L1T2,2012094017
2509034,9,2025-26,L1T2,2012094017
2509042,9,2025-26,L1T2,2012094017
2509051,9,2025-26,L1T2,2012094017
2509059,9,2025-26,L1T2,2012094017
2510024,10,2025-26,L1T2,2006109840
2510031,10,2025-26,L1T2,2006109840
2510040,10,2025-26,L1T2,2006109840
2510049,10,2025-26,L1T2,2006109840
2510058,10,2025-26,L1T2,2006109840
2511023,11,2025-26,L1T2,2006113679
2511030,11,2025-26,L1T2,2006113679
2511036,11,2025-26,L1T2,2006113679
2511041,11,2025-26,L1T2,2006113679
2511050,11,2025-26,L1T2,2006113679
2512028,12,2025-26,L1T2,2010124182
2512032,12,2025-26,L1T2,2010124182
2512041,12,2025-26,L1T2,2010124182
2512052,12,2025-26,L1T2,2010124182
2212036,12,2025-26,L4T2,2020125390
2212043,12,2025-26,L4T2,2020125390
2212046,12,2025-26,L4T2,2020125390
2212034,12,2025-26,L4T2,2020125390
2212053,12,2025-26,L4T2,2020125390
2212058,12,2025-26,L4T2,2020125390
2501025,1,2025-26,L1T2,2004015928
2501031,1,2025-26,L1T2,2004015928
2501036,1,2025-26,L1T2,2004015928
2501044,1,2025-26,L1T2,2004015928
2501051,1,2025-26,L1T2,2004015928
2501058,1,2025-26,L1T2,2004015928
2502023,2,2025-26,L1T2,2015023105
2502030,2,2025-26,L1T2,2015023105
2502032,2,2025-26,L1T2,2015023105
2502041,2,2025-26,L1T2,2015023105
2502048,2,2025-26,L1T2,2015023105
2502057,2,2025-26,L1T2,2015023105
2503024,3,2025-26,L1T2,2013034870
2503037,3,2025-26,L1T2,2013034870
2503042,3,2025-26,L1T2,2013034870
2503053,3,2025-26,L1T2,2013034870
2504028,4,2025-26,L1T2,2005045826
2504039,4,2025-26,L1T2,2005045826
2504047,4,2025-26,L1T2,2005045826
2504056,4,2025-26,L1T2,2005045826
2505026,5,2025-26,L1T2,2003057433
2505038,5,2025-26,L1T2,2003057433
2505045,5,2025-26,L1T2,2003057433
2505054,5,2025-26,L1T2,2003057433
2506029,6,2025-26,L1T2,2017068099
2506036,6,2025-26,L1T2,2017068099
2506045,6,2025-26,L1T2,2017068099
2506054,6,2025-26,L1T2,2017068099
2507027,7,2025-26,L1T2,2008076004
2507035,7,2025-26,L1T2,2008076004
2507042,7,2025-26,L1T2,2008076004
2507048,7,2025-26,L1T2,2008076004
2507053,7,2025-26,L1T2,2008076004
2508027,8,2025-26,L1T2,2007088132
2508034,8,2025-26,L1T2,2007088132
2508044,8,2025-26,L1T2,2007088132
2508054,8,2025-26,L1T2,2007088132
2509026,9,2025-26,L1T2,2012094017
2509035,9,2025-26,L1T2,2012094017
2509048,9,2025-26,L1T2,2012094017
2509057,9,2025-26,L1T2,2012094017
2510022,10,2025-26,L1T2,2006109840
2510030,10,2025-26,L1T2,2006109840
2510039,10,2025-26,L1T2,2006109840
2510048,10,2025-26,L1T2,2006109840
2510057,10,2025-26,L1T2,2006109840
2511025,11,2025-26,L1T2,2006113679
2511038,11,2025-26,L1T2,2006113679
2511046,11,2025-26,L1T2,2006113679
2511053,11,2025-26,L1T2,2006113679
2511059,11,2025-26,L1T2,2006113679
2512024,12,2025-26,L1T2,2010124182
2512034,12,2025-26,L1T2,2010124182
2512046,12,2025-26,L1T2,2010124182
2512055,12,2025-26,L1T2,2010124182
2512060,12,2025-26,L1T2,2010124182
2212039,12,2025-26,L4T2,2020125390
2212048,12,2025-26,L4T2,2020125390
2212054,12,2025-26,L4T2,2020125390
2301022,1,2025-26,L3T2,2004015928
2301033,1,2025-26,L3T2,2004015928
2301039,1,2025-26,L3T2,2004015928
2301045,1,2025-26,L3T2,2004015928
2301051,1,2025-26,L3T2,2004015928
2301057,1,2025-26,L3T2,2004015928
2302025,2,2025-26,L3T2,2015023105
2302035,2,2025-26,L3T2,2015023105
2302044,2,2025-26,L3T2,2015023105
2302053,2,2025-26,L3T2,2015023105
2303027,3,2025-26,L3T2,2013034870
2303031,3,2025-26,L3T2,2013034870
2303041,3,2025-26,L3T2,2013034870
2303051,3,2025-26,L3T2,2013034870
2303060,3,2025-26,L3T2,2013034870
2304021,4,2025-26,L3T2,2005045826
2304030,4,2025-26,L3T2,2005045826
2304039,4,2025-26,L3T2,2005045826
2304048,4,2025-26,L3T2,2005045826
2306029,6,2025-26,L3T2,2017068099
2306035,6,2025-26,L3T2,2017068099
2306044,6,2025-26,L3T2,2017068099
2306058,6,2025-26,L3T2,2017068099
2307027,7,2025-26,L3T2,2008076004
2307034,7,2025-26,L3T2,2008076004
2307043,7,2025-26,L3T2,2008076004
2307053,7,2025-26,L3T2,2008076004
2308028,8,2025-26,L3T2,2007088132
2308035,8,2025-26,L3T2,2007088132
2308044,8,2025-26,L3T2,2007088132
2308058,8,2025-26,L3T2,2007088132
2309025,9,2025-26,L3T2,2012094017
2309034,9,2025-26,L3T2,2012094017
2309044,9,2025-26,L3T2,2012094017
2309056,9,2025-26,L3T2,2012094017
2310026,10,2025-26,L3T2,2006109840
2310038,10,2025-26,L3T2,2006109840
2310049,10,2025-26,L3T2,2006109840
2310059,10,2025-26,L3T2,2006109840
2311021,11,2025-26,L3T2,2006113679
2311036,11,2025-26,L3T2,2006113679
2311041,11,2025-26,L3T2,2006113679
2311054,11,2025-26,L3T2,2006113679
2312029,12,2025-26,L3T2,2010124182
2312031,12,2025-26,L3T2,2010124182
2312041,12,2025-26,L3T2,2010124182
2312047,12,2025-26,L3T2,2010124182
2312054,12,2025-26,L3T2,2010124182
2501026,1,2025-26,L1T2,2004015928
2501041,1,2025-26,L1T2,2004015928
2501050,1,2025-26,L1T2,2004015928
2501059,1,2025-26,L1T2,2004015928
2502024,2,2025-26,L1T2,2015023105
2502037,2,2025-26,L1T2,2015023105
2502046,2,2025-26,L1T2,2015023105
2502055,2,2025-26,L1T2,2015023105
2503026,3,2025-26,L1T2,2013034870
2503032,3,2025-26,L1T2,2013034870
2503041,3,2025-26,L1T2,2013034870
2503049,3,2025-26,L1T2,2013034870
2503059,3,2025-26,L1T2,2013034870
2504021,4,2025-26,L1T2,2005045826
2504034,4,2025-26,L1T2,2005045826
2504043,4,2025-26,L1T2,2005045826
2504052,4,2025-26,L1T2,2005045826
2505029,5,2025-26,L1T2,2003057433
2505032,5,2025-26,L1T2,2003057433
2505042,5,2025-26,L1T2,2003057433
2505053,5,2025-26,L1T2,2003057433
2506027,6,2025-26,L1T2,2017068099
2506035,6,2025-26,L1T2,2017068099
2506044,6,2025-26,L1T2,2017068099
2506053,6,2025-26,L1T2,2017068099
2506057,6,2025-26,L1T2,2017068099
2507023,7,2025-26,L1T2,2008076004
2507032,7,2025-26,L1T2,2008076004
2507043,7,2025-26,L1T2,2008076004
2507056,7,2025-26,L1T2,2008076004
2508024,8,2025-26,L1T2,2007088132
2508039,8,2025-26,L1T2,2007088132
2508048,8,2025-26,L1T2,2007088132
2508059,8,2025-26,L1T2,2007088132
2509021,9,2025-26,L1T2,2012094017
2509031,9,2025-26,L1T2,2012094017
2509040,9,2025-26,L1T2,2012094017
2509043,9,2025-26,L1T2,2012094017
2509052,9,2025-26,L1T2,2012094017
2510028,10,2025-26,L1T2,2006109840
2510037,10,2025-26,L1T2,2006109840
2510046,10,2025-26,L1T2,2006109840
2510052,10,2025-26,L1T2,2006109840
2511027,11,2025-26,L1T2,2006113679
2511031,11,2025-26,L1T2,2006113679
2511040,11,2025-26,L1T2,2006113679
2511048,11,2025-26,L1T2,2006113679
2511056,11,2025-26,L1T2,2006113679
2512025,12,2025-26,L1T2,2010124182
2512035,12,2025-26,L1T2,2010124182
2512049,12,2025-26,L1T2,2010124182
2301021,1,2025-26,L3T2,2004015928
2301030,1,2025-26,L3T2,2004015928
2301037,1,2025-26,L3T2,2004015928
2301043,1,2025-26,L3T2,2004015928
2301049,1,2025-26,L3T2,2004015928
2301055,1,2025-26,L3T2,2004015928
2302027,2,2025-26,L3T2,2015023105
2302034,2,2025-26,L3T2,2015023105
2302043,2,2025-26,L3T2,2015023105
2302052,2,2025-26,L3T2,2015023105
2302060,2,2025-26,L3T2,2015023105
2303021,3,2025-26,L3T2,2013034870
2303030,3,2025-26,L3T2,2013034870
2303038,3,2025-26,L3T2,2013034870
2303046,3,2025-26,L3T2,2013034870
2303055,3,2025-26,L3T2,2013034870
2304025,4,2025-26,L3T2,2005045826
2304033,4,2025-26,L3T2,2005045826
2304042,4,2025-26,L3T2,2005045826
2304051,4,2025-26,L3T2,2005045826
2304057,4,2025-26,L3T2,2005045826
2306024,6,2025-26,L3T2,2017068099
2306034,6,2025-26,L3T2,2017068099
2306042,6,2025-26,L3T2,2017068099
2306051,6,2025-26,L3T2,2017068099
2306060,6,2025-26,L3T2,2017068099
2307021,7,2025-26,L3T2,2008076004
2307038,7,2025-26,L3T2,2008076004
2307048,7,2025-26,L3T2,2008076004
2307058,7,2025-26,L3T2,2008076004
2308022,8,2025-26,L3T2,2007088132
2308038,8,2025-26,L3T2,2007088132
2308046,8,2025-26,L3T2,2007088132
2308052,8,2025-26,L3T2,2007088132
2308060,8,2025-26,L3T2,2007088132
2309021,9,2025-26,L3T2,2012094017
2309030,9,2025-26,L3T2,2012094017
2309039,9,2025-26,L3T2,2012094017
2309047,9,2025-26,L3T2,2012094017
2309054,9,2025-26,L3T2,2012094017
2310025,10,2025-26,L3T2,2006109840
2310033,10,2025-26,L3T2,2006109840
2310042,10,2025-26,L3T2,2006109840
2310050,10,2025-26,L3T2,2006109840
2310060,10,2025-26,L3T2,2006109840
2311022,11,2025-26,L3T2,2006113679
2311035,11,2025-26,L3T2,2006113679
2311049,11,2025-26,L3T2,2006113679
2311056,11,2025-26,L3T2,2006113679
2312028,12,2025-26,L3T2,2010124182
2312036,12,2025-26,L3T2,2010124182
2312045,12,2025-26,L3T2,2010124182
2312053,12,2025-26,L3T2,2010124182
2501027,1,2025-26,L1T2,2004015928
2501043,1,2025-26,L1T2,2004015928
2501053,1,2025-26,L1T2,2004015928
2502029,2,2025-26,L1T2,2015023105
2502035,2,2025-26,L1T2,2015023105
2502045,2,2025-26,L1T2,2015023105
2502054,2,2025-26,L1T2,2015023105
2503027,3,2025-26,L1T2,2013034870
2503034,3,2025-26,L1T2,2013034870
2503045,3,2025-26,L1T2,2013034870
2503055,3,2025-26,L1T2,2013034870
2504024,4,2025-26,L1T2,2005045826
2504031,4,2025-26,L1T2,2005045826
2504035,4,2025-26,L1T2,2005045826
2504044,4,2025-26,L1T2,2005045826
2504054,4,2025-26,L1T2,2005045826
2505028,5,2025-26,L1T2,2003057433
2505031,5,2025-26,L1T2,2003057433
2505040,5,2025-26,L1T2,2003057433
2505049,5,2025-26,L1T2,2003057433
2505058,5,2025-26,L1T2,2003057433
2506023,6,2025-26,L1T2,2017068099
2506037,6,2025-26,L1T2,2017068099
2506046,6,2025-26,L1T2,2017068099
2506056,6,2025-26,L1T2,2017068099
2507025,7,2025-26,L1T2,2008076004
2507031,7,2025-26,L1T2,2008076004
2507041,7,2025-26,L1T2,2008076004
2507051,7,2025-26,L1T2,2008076004
2507054,7,2025-26,L1T2,2008076004
2508028,8,2025-26,L1T2,2007088132
2508036,8,2025-26,L1T2,2007088132
2508045,8,2025-26,L1T2,2007088132
2508053,8,2025-26,L1T2,2007088132
2508060,8,2025-26,L1T2,2007088132
2509022,9,2025-26,L1T2,2012094017
2509032,9,2025-26,L1T2,2012094017
2509041,9,2025-26,L1T2,2012094017
2509050,9,2025-26,L1T2,2012094017
2509060,9,2025-26,L1T2,2012094017
2510021,10,2025-26,L1T2,2006109840
2510035,10,2025-26,L1T2,2006109840
2510041,10,2025-26,L1T2,2006109840
2510050,10,2025-26,L1T2,2006109840
2510060,10,2025-26,L1T2,2006109840
2511021,11,2025-26,L1T2,2006113679
2511032,11,2025-26,L1T2,2006113679
2511042,11,2025-26,L1T2,2006113679
2511054,11,2025-26,L1T2,2006113679
2512026,12,2025-26,L1T2,2010124182
2512031,12,2025-26,L1T2,2010124182
2512040,12,2025-26,L1T2,2010124182
2512043,12,2025-26,L1T2,2010124182
2512051,12,2025-26,L1T2,2010124182
2301024,1,2025-26,L3T2,2004015928
2301031,1,2025-26,L3T2,2004015928
2301036,1,2025-26,L3T2,2004015928
2301040,1,2025-26,L3T2,2004015928
2301046,1,2025-26,L3T2,2004015928
2301052,1,2025-26,L3T2,2004015928
2301059,1,2025-26,L3T2,2004015928
2302024,2,2025-26,L3T2,2015023105
2302041,2,2025-26,L3T2,2015023105
2302049,2,2025-26,L3T2,2015023105
2302058,2,2025-26,L3T2,2015023105
2303022,3,2025-26,L3T2,2013034870
2303032,3,2025-26,L3T2,2013034870
2303042,3,2025-26,L3T2,2013034870
2303050,3,2025-26,L3T2,2013034870
2303058,3,2025-26,L3T2,2013034870
2304023,4,2025-26,L3T2,2005045826
2304038,4,2025-26,L3T2,2005045826
2304047,4,2025-26,L3T2,2005045826
2304056,4,2025-26,L3T2,2005045826
2306025,6,2025-26,L3T2,2017068099
2306032,6,2025-26,L3T2,2017068099
2306041,6,2025-26,L3T2,2017068099
2306050,6,2025-26,L3T2,2017068099
2306059,6,2025-26,L3T2,2017068099
2307023,7,2025-26,L3T2,2008076004
2307033,7,2025-26,L3T2,2008076004
2307042,7,2025-26,L3T2,2008076004
2307051,7,2025-26,L3T2,2008076004
2307060,7,2025-26,L3T2,2008076004
2308021,8,2025-26,L3T2,2007088132
2308032,8,2025-26,L3T2,2007088132
2308045,8,2025-26,L3T2,2007088132
2308054,8,2025-26,L3T2,2007088132
2308059,8,2025-26,L3T2,2007088132
2309022,9,2025-26,L3T2,2012094017
2309031,9,2025-26,L3T2,2012094017
2309041,9,2025-26,L3T2,2012094017
2309051,9,2025-26,L3T2,2012094017
2309058,9,2025-26,L3T2,2012094017
2310022,10,2025-26,L3T2,2006109840
2310032,10,2025-26,L3T2,2006109840
2310041,10,2025-26,L3T2,2006109840
2310051,10,2025-26,L3T2,2006109840
2311029,11,2025-26,L3T2,2006113679
2311038,11,2025-26,L3T2,2006113679
2311045,11,2025-26,L3T2,2006113679
2311050,11,2025-26,L3T2,2006113679
2312026,12,2025-26,L3T2,2010124182
2312035,12,2025-26,L3T2,2010124182
2312044,12,2025-26,L3T2,2010124182
2312055,12,2025-26,L3T2,2010124182
2501028,1,2025-26,L1T2,2004015928
2501047,1,2025-26,L1T2,2004015928
2501054,1,2025-26,L1T2,2004015928
2502027,2,2025-26,L1T2,2015023105
2502033,2,2025-26,L1T2,2015023105
2502043,2,2025-26,L1T2,2015023105
2502053,2,2025-26,L1T2,2015023105
2503029,3,2025-26,L1T2,2013034870
2503035,3,2025-26,L1T2,2013034870
2503046,3,2025-26,L1T2,2013034870
2503057,3,2025-26,L1T2,2013034870
2504026,4,2025-26,L1T2,2005045826
2504038,4,2025-26,L1T2,2005045826
2504048,4,2025-26,L1T2,2005045826
2504058,4,2025-26,L1T2,2005045826
2505023,5,2025-26,L1T2,2003057433
2505037,5,2025-26,L1T2,2003057433
2505046,5,2025-26,L1T2,2003057433
2505056,5,2025-26,L1T2,2003057433
2506025,6,2025-26,L1T2,2017068099
2506032,6,2025-26,L1T2,2017068099
2506041,6,2025-26,L1T2,2017068099
2506050,6,2025-26,L1T2,2017068099
2506058,6,2025-26,L1T2,2017068099
2507024,7,2025-26,L1T2,2008076004
2507039,7,2025-26,L1T2,2008076004
2507047,7,2025-26,L1T2,2008076004
2507059,7,2025-26,L1T2,2008076004
2508021,8,2025-26,L1T2,2007088132
2508030,8,2025-26,L1T2,2007088132
2508032,8,2025-26,L1T2,2007088132
2508041,8,2025-26,L1T2,2007088132
2508050,8,2025-26,L1T2,2007088132
2508058,8,2025-26,L1T2,2007088132
2509023,9,2025-26,L1T2,2012094017
2509033,9,2025-26,L1T2,2012094017
2509044,9,2025-26,L1T2,2012094017
2509053,9,2025-26,L1T2,2012094017
2510029,10,2025-26,L1T2,2006109840
2510032,10,2025-26,L1T2,2006109840
2510042,10,2025-26,L1T2,2006109840
2510053,10,2025-26,L1T2,2006109840
2510059,10,2025-26,L1T2,2006109840
2511022,11,2025-26,L1T2,2006113679
2511039,11,2025-26,L1T2,2006113679
2511049,11,2025-26,L1T2,2006113679
2511057,11,2025-26,L1T2,2006113679
2512023,12,2025-26,L1T2,2010124182
2512037,12,2025-26,L1T2,2010124182
2512047,12,2025-26,L1T2,2010124182
2512056,12,2025-26,L1T2,2010124182
2301023,1,2025-26,L3T2,2004015928
2301034,1,2025-26,L3T2,2004015928
2301041,1,2025-26,L3T2,2004015928
2301048,1,2025-26,L3T2,2004015928
2301054,1,2025-26,L3T2,2004015928
2301060,1,2025-26,L3T2,2004015928
2302023,2,2025-26,L3T2,2015023105
2302030,2,2025-26,L3T2,2015023105
2302031,2,2025-26,L3T2,2015023105
2302032,2,2025-26,L3T2,2015023105
2302033,2,2025-26,L3T2,2015023105
2302039,2,2025-26,L3T2,2015023105
2302048,2,2025-26,L3T2,2015023105
2302057,2,2025-26,L3T2,2015023105
2303028,3,2025-26,L3T2,2013034870
2303035,3,2025-26,L3T2,2013034870
2303044,3,2025-26,L3T2,2013034870
2303053,3,2025-26,L3T2,2013034870
2304029,4,2025-26,L3T2,2005045826
2304032,4,2025-26,L3T2,2005045826
2304041,4,2025-26,L3T2,2005045826
2304049,4,2025-26,L3T2,2005045826
2306028,6,2025-26,L3T2,2017068099
2306031,6,2025-26,L3T2,2017068099
2306039,6,2025-26,L3T2,2017068099
2306048,6,2025-26,L3T2,2017068099
2306054,6,2025-26,L3T2,2017068099
2307025,7,2025-26,L3T2,2008076004
2307030,7,2025-26,L3T2,2008076004
2307031,7,2025-26,L3T2,2008076004
2307040,7,2025-26,L3T2,2008076004
2307047,7,2025-26,L3T2,2008076004
2307054,7,2025-26,L3T2,2008076004
2308026,8,2025-26,L3T2,2007088132
2308034,8,2025-26,L3T2,2007088132
2308042,8,2025-26,L3T2,2007088132
2308055,8,2025-26,L3T2,2007088132
2309027,9,2025-26,L3T2,2012094017
2309032,9,2025-26,L3T2,2012094017
2309040,9,2025-26,L3T2,2012094017
2309049,9,2025-26,L3T2,2012094017
2309057,9,2025-26,L3T2,2012094017
2310023,10,2025-26,L3T2,2006109840
2310030,10,2025-26,L3T2,2006109840
2310040,10,2025-26,L3T2,2006109840
2310048,10,2025-26,L3T2,2006109840
2311028,11,2025-26,L3T2,2006113679
2311034,11,2025-26,L3T2,2006113679
2311047,11,2025-26,L3T2,2006113679
2311052,11,2025-26,L3T2,2006113679
2311060,11,2025-26,L3T2,2006113679
2312021,12,2025-26,L3T2,2010124182
2312037,12,2025-26,L3T2,2010124182
2312046,12,2025-26,L3T2,2010124182
2312056,12,2025-26,L3T2,2010124182
2501029,1,2025-26,L1T2,2004015928
2502021,2,2025-26,L1T2,2015023105
2502038,2,2025-26,L1T2,2015023105
2502049,2,2025-26,L1T2,2015023105
2502060,2,2025-26,L1T2,2015023105
2503021,3,2025-26,L1T2,2013034870
2503033,3,2025-26,L1T2,2013034870
2503043,3,2025-26,L1T2,2013034870
2503051,3,2025-26,L1T2,2013034870
2503058,3,2025-26,L1T2,2013034870
2504022,4,2025-26,L1T2,2005045826
2504030,4,2025-26,L1T2,2005045826
2504040,4,2025-26,L1T2,2005045826
2504049,4,2025-26,L1T2,2005045826
2504060,4,2025-26,L1T2,2005045826
2505021,5,2025-26,L1T2,2003057433
2505033,5,2025-26,L1T2,2003057433
2505043,5,2025-26,L1T2,2003057433
2505051,5,2025-26,L1T2,2003057433
2505060,5,2025-26,L1T2,2003057433
2506021,6,2025-26,L1T2,2017068099
2506033,6,2025-26,L1T2,2017068099
2506042,6,2025-26,L1T2,2017068099
2506051,6,2025-26,L1T2,2017068099
2506059,6,2025-26,L1T2,2017068099
2507021,7,2025-26,L1T2,2008076004
2507030,7,2025-26,L1T2,2008076004
2507034,7,2025-26,L1T2,2008076004
2507044,7,2025-26,L1T2,2008076004
2507052,7,2025-26,L1T2,2008076004
2508029,8,2025-26,L1T2,2007088132
2508038,8,2025-26,L1T2,2007088132
2508046,8,2025-26,L1T2,2007088132
2508056,8,2025-26,L1T2,2007088132
2509027,9,2025-26,L1T2,2012094017
2509037,9,2025-26,L1T2,2012094017
2509045,9,2025-26,L1T2,2012094017
2509054,9,2025-26,L1T2,2012094017
2510026,10,2025-26,L1T2,2006109840
2510033,10,2025-26,L1T2,2006109840
2510045,10,2025-26,L1T2,2006109840
2510056,10,2025-26,L1T2,2006109840
2511024,11,2025-26,L1T2,2006113679
2511033,11,2025-26,L1T2,2006113679
2511045,11,2025-26,L1T2,2006113679
2511055,11,2025-26,L1T2,2006113679
2512027,12,2025-26,L1T2,2010124182
2512038,12,2025-26,L1T2,2010124182
2512045,12,2025-26,L1T2,2010124182
2512054,12,2025-26,L1T2,2010124182
2301026,1,2025-26,L3T2,2004015928
2301032,1,2025-26,L3T2,2004015928
2301038,1,2025-26,L3T2,2004015928
2301044,1,2025-26,L3T2,2004015928
2301050,1,2025-26,L3T2,2004015928
2301056,1,2025-26,L3T2,2004015928
2302029,2,2025-26,L3T2,2015023105
2302036,2,2025-26,L3T2,2015023105
2302046,2,2025-26,L3T2,2015023105
2302054,2,2025-26,L3T2,2015023105
2303026,3,2025-26,L3T2,2013034870
2303033,3,2025-26,L3T2,2013034870
2303040,3,2025-26,L3T2,2013034870
2303048,3,2025-26,L3T2,2013034870
2303057,3,2025-26,L3T2,2013034870
2304024,4,2025-26,L3T2,2005045826
2304034,4,2025-26,L3T2,2005045826
2304043,4,2025-26,L3T2,2005045826
2304052,4,2025-26,L3T2,2005045826
2304059,4,2025-26,L3T2,2005045826
2306022,6,2025-26,L3T2,2017068099
2306037,6,2025-26,L3T2,2017068099
2306047,6,2025-26,L3T2,2017068099
2306057,6,2025-26,L3T2,2017068099
2307022,7,2025-26,L3T2,2008076004
2307039,7,2025-26,L3T2,2008076004
2307050,7,2025-26,L3T2,2008076004
2307059,7,2025-26,L3T2,2008076004
2308027,8,2025-26,L3T2,2007088132
2308033,8,2025-26,L3T2,2007088132
2308047,8,2025-26,L3T2,2007088132
2308057,8,2025-26,L3T2,2007088132
2309024,9,2025-26,L3T2,2012094017
2309035,9,2025-26,L3T2,2012094017
2309043,9,2025-26,L3T2,2012094017
2309052,9,2025-26,L3T2,2012094017
2310029,10,2025-26,L3T2,2006109840
2310036,10,2025-26,L3T2,2006109840
2310044,10,2025-26,L3T2,2006109840
2310053,10,2025-26,L3T2,2006109840
2311026,11,2025-26,L3T2,2006113679
2311033,11,2025-26,L3T2,2006113679
2311044,11,2025-26,L3T2,2006113679
2311058,11,2025-26,L3T2,2006113679
2312023,12,2025-26,L3T2,2010124182
2312034,12,2025-26,L3T2,2010124182
2312043,12,2025-26,L3T2,2010124182
2312051,12,2025-26,L3T2,2010124182
2312057,12,2025-26,L3T2,2010124182
2301025,1,2025-26,L3T2,2004015928
2301035,1,2025-26,L3T2,2004015928
2301042,1,2025-26,L3T2,2004015928
2301047,1,2025-26,L3T2,2004015928
2301053,1,2025-26,L3T2,2004015928
2302028,2,2025-26,L3T2,2015023105
2302042,2,2025-26,L3T2,2015023105
2302051,2,2025-26,L3T2,2015023105
2302059,2,2025-26,L3T2,2015023105
2303024,3,2025-26,L3T2,2013034870
2303039,3,2025-26,L3T2,2013034870
2303045,3,2025-26,L3T2,2013034870
2303054,3,2025-26,L3T2,2013034870
2304027,4,2025-26,L3T2,2005045826
2304036,4,2025-26,L3T2,2005045826
2304046,4,2025-26,L3T2,2005045826
2304054,4,2025-26,L3T2,2005045826
2306027,6,2025-26,L3T2,2017068099
2306038,6,2025-26,L3T2,2017068099
2306046,6,2025-26,L3T2,2017068099
2306056,6,2025-26,L3T2,2017068099
2307024,7,2025-26,L3T2,2008076004
2307035,7,2025-26,L3T2,2008076004
2307045,7,2025-26,L3T2,2008076004
2307055,7,2025-26,L3T2,2008076004
2308023,8,2025-26,L3T2,2007088132
2308031,8,2025-26,L3T2,2007088132
2308040,8,2025-26,L3T2,2007088132
2308048,8,2025-26,L3T2,2007088132
2308050,8,2025-26,L3T2,2007088132
2309026,9,2025-26,L3T2,2012094017
2309037,9,2025-26,L3T2,2012094017
2309046,9,2025-26,L3T2,2012094017
2309053,9,2025-26,L3T2,2012094017
2310027,10,2025-26,L3T2,2006109840
2310031,10,2025-26,L3T2,2006109840
2310039,10,2025-26,L3T2,2006109840
2310043,10,2025-26,L3T2,2006109840
2310052,10,2025-26,L3T2,2006109840
2310057,10,2025-26,L3T2,2006109840
2311024,11,2025-26,L3T2,2006113679
2311032,11,2025-26,L3T2,2006113679
2311048,11,2025-26,L3T2,2006113679
2311051,11,2025-26,L3T2,2006113679
2311059,11,2025-26,L3T2,2006113679
2312022,12,2025-26,L3T2,2010124182
2312030,12,2025-26,L3T2,2010124182
2312038,12,2025-26,L3T2,2010124182
2312052,12,2025-26,L3T2,2010124182
2312059,12,2025-26,L3T2,2010124182
2301027,1,2025-26,L3T2,2004015928
2301058,1,2025-26,L3T2,2004015928
2302026,2,2025-26,L3T2,2015023105
2302037,2,2025-26,L3T2,2015023105
2302050,2,2025-26,L3T2,2015023105
2303029,3,2025-26,L3T2,2013034870
2303037,3,2025-26,L3T2,2013034870
2303049,3,2025-26,L3T2,2013034870
2303059,3,2025-26,L3T2,2013034870
2304022,4,2025-26,L3T2,2005045826
2304031,4,2025-26,L3T2,2005045826
2304040,4,2025-26,L3T2,2005045826
2304050,4,2025-26,L3T2,2005045826
2304058,4,2025-26,L3T2,2005045826
2306023,6,2025-26,L3T2,2017068099
2306030,6,2025-26,L3T2,2017068099
2306040,6,2025-26,L3T2,2017068099
2306049,6,2025-26,L3T2,2017068099
2306053,6,2025-26,L3T2,2017068099
2307029,7,2025-26,L3T2,2008076004
2307037,7,2025-26,L3T2,2008076004
2307046,7,2025-26,L3T2,2008076004
2307052,7,2025-26,L3T2,2008076004
2308029,8,2025-26,L3T2,2007088132
2308037,8,2025-26,L3T2,2007088132
2308043,8,2025-26,L3T2,2007088132
2308056,8,2025-26,L3T2,2007088132
2309023,9,2025-26,L3T2,2012094017
2309036,9,2025-26,L3T2,2012094017
2309045,9,2025-26,L3T2,2012094017
2309059,9,2025-26,L3T2,2012094017
2310024,10,2025-26,L3T2,2006109840
2310034,10,2025-26,L3T2,2006109840
2310045,10,2025-26,L3T2,2006109840
2310055,10,2025-26,L3T2,2006109840
2311027,11,2025-26,L3T2,2006113679
2311031,11,2025-26,L3T2,2006113679
2311040,11,2025-26,L3T2,2006113679
2311043,11,2025-26,L3T2,2006113679
2311055,11,2025-26,L3T2,2006113679
2312025,12,2025-26,L3T2,2010124182
2312039,12,2025-26,L3T2,2010124182
2312049,12,2025-26,L3T2,2010124182
2301028,1,2025-26,L3T2,2004015928
2302022,2,2025-26,L3T2,2015023105
2302038,2,2025-26,L3T2,2015023105
2302045,2,2025-26,L3T2,2015023105
2302056,2,2025-26,L3T2,2015023105
2303023,3,2025-26,L3T2,2013034870
2303036,3,2025-26,L3T2,2013034870
2303047,3,2025-26,L3T2,2013034870
2303056,3,2025-26,L3T2,2013034870
2304026,4,2025-26,L3T2,2005045826
2304035,4,2025-26,L3T2,2005045826
2304044,4,2025-26,L3T2,2005045826
2304053,4,2025-26,L3T2,2005045826
2304060,4,2025-26,L3T2,2005045826
2306021,6,2025-26,L3T2,2017068099
2306036,6,2025-26,L3T2,2017068099
2306045,6,2025-26,L3T2,2017068099
2306055,6,2025-26,L3T2,2017068099
2307028,7,2025-26,L3T2,2008076004
2307036,7,2025-26,L3T2,2008076004
2307044,7,2025-26,L3T2,2008076004
2307056,7,2025-26,L3T2,2008076004
2308025,8,2025-26,L3T2,2007088132
2308036,8,2025-26,L3T2,2007088132
2308041,8,2025-26,L3T2,2007088132
2308053,8,2025-26,L3T2,2007088132
2309029,9,2025-26,L3T2,2012094017
2309038,9,2025-26,L3T2,2012094017
2309048,9,2025-26,L3T2,2012094017
2309060,9,2025-26,L3T2,2012094017
2310021,10,2025-26,L3T2,2006109840
2310035,10,2025-26,L3T2,2006109840
2310047,10,2025-26,L3T2,2006109840
2310056,10,2025-26,L3T2,2006109840
2311025,11,2025-26,L3T2,2006113679
2311039,11,2025-26,L3T2,2006113679
2311042,11,2025-26,L3T2,2006113679
2311057,11,2025-26,L3T2,2006113679
2312024,12,2025-26,L3T2,2010124182
2312032,12,2025-26,L3T2,2010124182
2312042,12,2025-26,L3T2,2010124182
2312050,12,2025-26,L3T2,2010124182
2312060,12,2025-26,L3T2,2010124182
2301029,1,2025-26,L3T2,2004015928
2302021,2,2025-26,L3T2,2015023105
2302040,2,2025-26,L3T2,2015023105
2302047,2,2025-26,L3T2,2015023105
2302055,2,2025-26,L3T2,2015023105
2303025,3,2025-26,L3T2,2013034870
2303034,3,2025-26,L3T2,2013034870
2303043,3,2025-26,L3T2,2013034870
2303052,3,2025-26,L3T2,2013034870
2304028,4,2025-26,L3T2,2005045826
2304037,4,2025-26,L3T2,2005045826
2304045,4,2025-26,L3T2,2005045826
2304055,4,2025-26,L3T2,2005045826
2306026,6,2025-26,L3T2,2017068099
2306033,6,2025-26,L3T2,2017068099
2306043,6,2025-26,L3T2,2017068099
2306052,6,2025-26,L3T2,2017068099
2307026,7,2025-26,L3T2,2008076004
2307032,7,2025-26,L3T2,2008076004
2307041,7,2025-26,L3T2,2008076004
2307049,7,2025-26,L3T2,2008076004
2307057,7,2025-26,L3T2,2008076004
2308024,8,2025-26,L3T2,2007088132
2308030,8,2025-26,L3T2,2007088132
2308039,8,2025-26,L3T2,2007088132
2308049,8,2025-26,L3T2,2007088132
2308051,8,2025-26,L3T2,2007088132
2309028,9,2025-26,L3T2,2012094017
2309033,9,2025-26,L3T2,2012094017
2309042,9,2025-26,L3T2,2012094017
2309050,9,2025-26,L3T2,2012094017
2309055,9,2025-26,L3T2,2012094017
2310028,10,2025-26,L3T2,2006109840
2310037,10,2025-26,L3T2,2006109840
2310046,10,2025-26,L3T2,2006109840
2310054,10,2025-26,L3T2,2006109840
2310058,10,2025-26,L3T2,2006109840
2311023,11,2025-26,L3T2,2006113679
2311030,11,2025-26,L3T2,2006113679
2311037,11,2025-26,L3T2,2006113679
2311046,11,2025-26,L3T2,2006113679
2311053,11,2025-26,L3T2,2006113679
2312027,12,2025-26,L3T2,2010124182
2312033,12,2025-26,L3T2,2010124182
2312040,12,2025-26,L3T2,2010124182
2312048,12,2025-26,L3T2,2010124182
2312058,12,2025-26,L3T2,2010124182
2401024,1,2025-26,L2T2,2022014753
2401021,1,2025-26,L2T2,2022014753
2401031,1,2025-26,L2T2,2022014753
2401032,1,2025-26,L2T2,2022014753
2401035,1,2025-26,L2T2,2022014753
2401037,1,2025-26,L2T2,2022014753
2401042,1,2025-26,L2T2,2022014753
2401043,1,2025-26,L2T2,2022014753
2401051,1,2025-26,L2T2,2022014753
2401050,1,2025-26,L2T2,2022014753
2401057,1,2025-26,L2T2,2022014753
2402025,2,2025-26,L2T2,2020022299
2402028,2,2025-26,L2T2,2020022299
2402033,2,2025-26,L2T2,2020022299
2402034,2,2025-26,L2T2,2020022299
2402041,2,2025-26,L2T2,2020022299
2402043,2,2025-26,L2T2,2020022299
2402049,2,2025-26,L2T2,2020022299
2402052,2,2025-26,L2T2,2020022299
2402058,2,2025-26,L2T2,2020022299
2403023,3,2025-26,L2T2,2023033311
2403029,3,2025-26,L2T2,2023033311
2403031,3,2025-26,L2T2,2023033311
2403038,3,2025-26,L2T2,2023033311
2403040,3,2025-26,L2T2,2023033311
2403048,3,2025-26,L2T2,2023033311
2403049,3,2025-26,L2T2,2023033311
2403054,3,2025-26,L2T2,2023033311
2403055,3,2025-26,L2T2,2023033311
2404024,4,2025-26,L2T2,2016041148
2404027,4,2025-26,L2T2,2016041148
2404034,4,2025-26,L2T2,2016041148
2404035,4,2025-26,L2T2,2016041148
2404043,4,2025-26,L2T2,2016041148
2404048,4,2025-26,L2T2,2016041148
2404053,4,2025-26,L2T2,2016041148
2404056,4,2025-26,L2T2,2016041148
2405025,5,2025-26,L2T2,2011058460
2405028,5,2025-26,L2T2,2011058460
2405031,5,2025-26,L2T2,2011058460
2405036,5,2025-26,L2T2,2011058460
2405041,5,2025-26,L2T2,2011058460
2405046,5,2025-26,L2T2,2011058460
2405050,5,2025-26,L2T2,2011058460
2405055,5,2025-26,L2T2,2011058460
2406027,6,2025-26,L2T2,2025063474
2406029,6,2025-26,L2T2,2025063474
2406033,6,2025-26,L2T2,2025063474
2406039,6,2025-26,L2T2,2025063474
2406041,6,2025-26,L2T2,2025063474
2406048,6,2025-26,L2T2,2025063474
2406050,6,2025-26,L2T2,2025063474
2406057,6,2025-26,L2T2,2025063474
2406058,6,2025-26,L2T2,2025063474
2407023,7,2025-26,L2T2,2023071728
2407026,7,2025-26,L2T2,2023071728
2407033,7,2025-26,L2T2,2023071728
2407035,7,2025-26,L2T2,2023071728
2407046,7,2025-26,L2T2,2023071728
2407045,7,2025-26,L2T2,2023071728
2407051,7,2025-26,L2T2,2023071728
2407055,7,2025-26,L2T2,2023071728
2407060,7,2025-26,L2T2,2023071728
2408027,8,2025-26,L2T2,2017081474
2408022,8,2025-26,L2T2,2017081474
2408034,8,2025-26,L2T2,2017081474
2408038,8,2025-26,L2T2,2017081474
2408041,8,2025-26,L2T2,2017081474
2408045,8,2025-26,L2T2,2017081474
2408050,8,2025-26,L2T2,2017081474
2408053,8,2025-26,L2T2,2017081474
2408058,8,2025-26,L2T2,2017081474
2409024,9,2025-26,L2T2,2020099983
2409026,9,2025-26,L2T2,2020099983
2409031,9,2025-26,L2T2,2020099983
2409036,9,2025-26,L2T2,2020099983
2409041,9,2025-26,L2T2,2020099983
2409045,9,2025-26,L2T2,2020099983
2409052,9,2025-26,L2T2,2020099983
2409054,9,2025-26,L2T2,2020099983
2410027,10,2025-26,L2T2,2020106203
2410028,10,2025-26,L2T2,2020106203
2410032,10,2025-26,L2T2,2020106203
2410033,10,2025-26,L2T2,2020106203
2410042,10,2025-26,L2T2,2020106203
2410047,10,2025-26,L2T2,2020106203
2410053,10,2025-26,L2T2,2020106203
2410055,10,2025-26,L2T2,2020106203
2411026,11,2025-26,L2T2,2023111860
2411028,11,2025-26,L2T2,2023111860
2411035,11,2025-26,L2T2,2023111860
2411036,11,2025-26,L2T2,2023111860
2411042,11,2025-26,L2T2,2023111860
2411045,11,2025-26,L2T2,2023111860
2411053,11,2025-26,L2T2,2023111860
2411054,11,2025-26,L2T2,2023111860
2412027,12,2025-26,L2T2,2020125390
2412028,12,2025-26,L2T2,2020125390
2412031,12,2025-26,L2T2,2020125390
2412037,12,2025-26,L2T2,2020125390
2412040,12,2025-26,L2T2,2020125390
2412046,12,2025-26,L2T2,2020125390
2412049,12,2025-26,L2T2,2020125390
2412055,12,2025-26,L2T2,2020125390
2412058,12,2025-26,L2T2,2020125390
2401023,1,2025-26,L2T2,2022014753
2401030,1,2025-26,L2T2,2022014753
2401038,1,2025-26,L2T2,2022014753
2401045,1,2025-26,L2T2,2022014753
2401049,1,2025-26,L2T2,2022014753
2401056,1,2025-26,L2T2,2022014753
2402026,2,2025-26,L2T2,2020022299
2402040,2,2025-26,L2T2,2020022299
2402048,2,2025-26,L2T2,2020022299
2402057,2,2025-26,L2T2,2020022299
2403024,3,2025-26,L2T2,2023033311
2403035,3,2025-26,L2T2,2023033311
2403041,3,2025-26,L2T2,2023033311
2403050,3,2025-26,L2T2,2023033311
2403057,3,2025-26,L2T2,2023033311
2404025,4,2025-26,L2T2,2016041148
2404031,4,2025-26,L2T2,2016041148
2404037,4,2025-26,L2T2,2016041148
2404046,4,2025-26,L2T2,2016041148
2404055,4,2025-26,L2T2,2016041148
2405026,5,2025-26,L2T2,2011058460
2405037,5,2025-26,L2T2,2011058460
2405042,5,2025-26,L2T2,2011058460
2405052,5,2025-26,L2T2,2011058460
2405059,5,2025-26,L2T2,2011058460
2406022,6,2025-26,L2T2,2025063474
2406030,6,2025-26,L2T2,2025063474
2406036,6,2025-26,L2T2,2025063474
2406046,6,2025-26,L2T2,2025063474
2406056,6,2025-26,L2T2,2025063474
2407024,7,2025-26,L2T2,2023071728
2407032,7,2025-26,L2T2,2023071728
2407036,7,2025-26,L2T2,2023071728
2407047,7,2025-26,L2T2,2023071728
2407053,7,2025-26,L2T2,2023071728
2407059,7,2025-26,L2T2,2023071728
2408021,8,2025-26,L2T2,2017081474
2408030,8,2025-26,L2T2,2017081474
2408039,8,2025-26,L2T2,2017081474
2408046,8,2025-26,L2T2,2017081474
2408059,8,2025-26,L2T2,2017081474
2409022,9,2025-26,L2T2,2020099983
2409038,9,2025-26,L2T2,2020099983
2409049,9,2025-26,L2T2,2020099983
2410029,10,2025-26,L2T2,2020106203
2410037,10,2025-26,L2T2,2020106203
2410046,10,2025-26,L2T2,2020106203
2410057,10,2025-26,L2T2,2020106203
2411022,11,2025-26,L2T2,2023111860
2411030,11,2025-26,L2T2,2023111860
2411039,11,2025-26,L2T2,2023111860
2411049,11,2025-26,L2T2,2023111860
2411058,11,2025-26,L2T2,2023111860
2412022,12,2025-26,L2T2,2020125390
2412030,12,2025-26,L2T2,2020125390
2412032,12,2025-26,L2T2,2020125390
2412042,12,2025-26,L2T2,2020125390
2412052,12,2025-26,L2T2,2020125390
2401022,1,2025-26,L2T2,2022014753
2401034,1,2025-26,L2T2,2022014753
2401041,1,2025-26,L2T2,2022014753
2401047,1,2025-26,L2T2,2022014753
2401054,1,2025-26,L2T2,2022014753
2402027,2,2025-26,L2T2,2020022299
2402042,2,2025-26,L2T2,2020022299
2402051,2,2025-26,L2T2,2020022299
2402060,2,2025-26,L2T2,2020022299
2403021,3,2025-26,L2T2,2023033311
2403033,3,2025-26,L2T2,2023033311
2403043,3,2025-26,L2T2,2023033311
2403056,3,2025-26,L2T2,2023033311
2404026,4,2025-26,L2T2,2016041148
2404039,4,2025-26,L2T2,2016041148
2404049,4,2025-26,L2T2,2016041148
2404059,4,2025-26,L2T2,2016041148
2405022,5,2025-26,L2T2,2011058460
2405030,5,2025-26,L2T2,2011058460
2405039,5,2025-26,L2T2,2011058460
2405049,5,2025-26,L2T2,2011058460
2405057,5,2025-26,L2T2,2011058460
2406024,6,2025-26,L2T2,2025063474
2406038,6,2025-26,L2T2,2025063474
2406043,6,2025-26,L2T2,2025063474
2406051,6,2025-26,L2T2,2025063474
2406060,6,2025-26,L2T2,2025063474
2407025,7,2025-26,L2T2,2023071728
2407034,7,2025-26,L2T2,2023071728
2407040,7,2025-26,L2T2,2023071728
2407049,7,2025-26,L2T2,2023071728
2407058,7,2025-26,L2T2,2023071728
2408023,8,2025-26,L2T2,2017081474
2408037,8,2025-26,L2T2,2017081474
2408048,8,2025-26,L2T2,2017081474
2408057,8,2025-26,L2T2,2017081474
2409023,9,2025-26,L2T2,2020099983
2409037,9,2025-26,L2T2,2020099983
2409047,9,2025-26,L2T2,2020099983
2409056,9,2025-26,L2T2,2020099983
2410025,10,2025-26,L2T2,2020106203
2410036,10,2025-26,L2T2,2020106203
2410044,10,2025-26,L2T2,2020106203
2410054,10,2025-26,L2T2,2020106203
2411027,11,2025-26,L2T2,2023111860
2411033,11,2025-26,L2T2,2023111860
2411044,11,2025-26,L2T2,2023111860
2411047,11,2025-26,L2T2,2023111860
2411056,11,2025-26,L2T2,2023111860
2412026,12,2025-26,L2T2,2020125390
2412035,12,2025-26,L2T2,2020125390
2412045,12,2025-26,L2T2,2020125390
2412053,12,2025-26,L2T2,2020125390
2401025,1,2025-26,L2T2,2022014753
2401033,1,2025-26,L2T2,2022014753
2401036,1,2025-26,L2T2,2022014753
2401044,1,2025-26,L2T2,2022014753
2401053,1,2025-26,L2T2,2022014753
2401058,1,2025-26,L2T2,2022014753
2402024,2,2025-26,L2T2,2020022299
2402030,2,2025-26,L2T2,2020022299
2402031,2,2025-26,L2T2,2020022299
2402032,2,2025-26,L2T2,2020022299
2402035,2,2025-26,L2T2,2020022299
2402047,2,2025-26,L2T2,2020022299
2402055,2,2025-26,L2T2,2020022299
2403026,3,2025-26,L2T2,2023033311
2403037,3,2025-26,L2T2,2023033311
2403046,3,2025-26,L2T2,2023033311
2403059,3,2025-26,L2T2,2023033311
2404022,4,2025-26,L2T2,2016041148
2404030,4,2025-26,L2T2,2016041148
2404036,4,2025-26,L2T2,2016041148
2404044,4,2025-26,L2T2,2016041148
2404050,4,2025-26,L2T2,2016041148
2404058,4,2025-26,L2T2,2016041148
2405023,5,2025-26,L2T2,2011058460
2405034,5,2025-26,L2T2,2011058460
2405043,5,2025-26,L2T2,2011058460
2405051,5,2025-26,L2T2,2011058460
2406026,6,2025-26,L2T2,2025063474
2406031,6,2025-26,L2T2,2025063474
2406040,6,2025-26,L2T2,2025063474
2406049,6,2025-26,L2T2,2025063474
2406059,6,2025-26,L2T2,2025063474
2407021,7,2025-26,L2T2,2023071728
2407030,7,2025-26,L2T2,2023071728
2407044,7,2025-26,L2T2,2023071728
2407050,7,2025-26,L2T2,2023071728
2408029,8,2025-26,L2T2,2017081474
2408036,8,2025-26,L2T2,2017081474
2408043,8,2025-26,L2T2,2017081474
2408052,8,2025-26,L2T2,2017081474
2408056,8,2025-26,L2T2,2017081474
2409027,9,2025-26,L2T2,2020099983
2409035,9,2025-26,L2T2,2020099983
2409044,9,2025-26,L2T2,2020099983
2409053,9,2025-26,L2T2,2020099983
2409059,9,2025-26,L2T2,2020099983
2410021,10,2025-26,L2T2,2020106203
2410030,10,2025-26,L2T2,2020106203
2410039,10,2025-26,L2T2,2020106203
2410043,10,2025-26,L2T2,2020106203
2410052,10,2025-26,L2T2,2020106203
2411029,11,2025-26,L2T2,2023111860
2411032,11,2025-26,L2T2,2023111860
2411041,11,2025-26,L2T2,2023111860
2411052,11,2025-26,L2T2,2023111860
2412029,12,2025-26,L2T2,2020125390
2412038,12,2025-26,L2T2,2020125390
2412047,12,2025-26,L2T2,2020125390
2412057,12,2025-26,L2T2,2020125390
2401026,1,2025-26,L2T2,2022014753
2401039,1,2025-26,L2T2,2022014753
2401046,1,2025-26,L2T2,2022014753
2401052,1,2025-26,L2T2,2022014753
2402029,2,2025-26,L2T2,2020022299
2402038,2,2025-26,L2T2,2020022299
2402050,2,2025-26,L2T2,2020022299
2402059,2,2025-26,L2T2,2020022299
2403022,3,2025-26,L2T2,2023033311
2403030,3,2025-26,L2T2,2023033311
2403039,3,2025-26,L2T2,2023033311
2403047,3,2025-26,L2T2,2023033311
2403052,3,2025-26,L2T2,2023033311
2404028,4,2025-26,L2T2,2016041148
2404033,4,2025-26,L2T2,2016041148
2404042,4,2025-26,L2T2,2016041148
2404051,4,2025-26,L2T2,2016041148
2404060,4,2025-26,L2T2,2016041148
2405021,5,2025-26,L2T2,2011058460
2405035,5,2025-26,L2T2,2011058460
2405047,5,2025-26,L2T2,2011058460
2405056,5,2025-26,L2T2,2011058460
2406025,6,2025-26,L2T2,2025063474
2406035,6,2025-26,L2T2,2025063474
2406044,6,2025-26,L2T2,2025063474
2406055,6,2025-26,L2T2,2025063474
2407022,7,2025-26,L2T2,2023071728
2407031,7,2025-26,L2T2,2023071728
2407038,7,2025-26,L2T2,2023071728
2407043,7,2025-26,L2T2,2023071728
2407054,7,2025-26,L2T2,2023071728
2408026,8,2025-26,L2T2,2017081474
2408035,8,2025-26,L2T2,2017081474
2408047,8,2025-26,L2T2,2017081474
2408054,8,2025-26,L2T2,2017081474
2409028,9,2025-26,L2T2,2020099983
2409034,9,2025-26,L2T2,2020099983
2409043,9,2025-26,L2T2,2020099983
2409050,9,2025-26,L2T2,2020099983
2409058,9,2025-26,L2T2,2020099983
2410022,10,2025-26,L2T2,2020106203
2410034,10,2025-26,L2T2,2020106203
2410041,10,2025-26,L2T2,2020106203
2410050,10,2025-26,L2T2,2020106203
2410059,10,2025-26,L2T2,2020106203
2411025,11,2025-26,L2T2,2023111860
2411034,11,2025-26,L2T2,2023111860
2411043,11,2025-26,L2T2,2023111860
2411050,11,2025-26,L2T2,2023111860
2411060,11,2025-26,L2T2,2023111860
2412021,12,2025-26,L2T2,2020125390
2412034,12,2025-26,L2T2,2020125390
2412044,12,2025-26,L2T2,2020125390
2412054,12,2025-26,L2T2,2020125390
2401027,1,2025-26,L2T2,2022014753
2401040,1,2025-26,L2T2,2022014753
2401048,1,2025-26,L2T2,2022014753
2401055,1,2025-26,L2T2,2022014753
2401059,1,2025-26,L2T2,2022014753
2402023,2,2025-26,L2T2,2020022299
2402039,2,2025-26,L2T2,2020022299
2402045,2,2025-26,L2T2,2020022299
2402056,2,2025-26,L2T2,2020022299
2403025,3,2025-26,L2T2,2023033311
2403036,3,2025-26,L2T2,2023033311
2403044,3,2025-26,L2T2,2023033311
2403058,3,2025-26,L2T2,2023033311
2404023,4,2025-26,L2T2,2016041148
2404040,4,2025-26,L2T2,2016041148
2404045,4,2025-26,L2T2,2016041148
2404054,4,2025-26,L2T2,2016041148
2405027,5,2025-26,L2T2,2011058460
2405032,5,2025-26,L2T2,2011058460
2405044,5,2025-26,L2T2,2011058460
2405054,5,2025-26,L2T2,2011058460
2405058,5,2025-26,L2T2,2011058460
2406023,6,2025-26,L2T2,2025063474
2406034,6,2025-26,L2T2,2025063474
2406047,6,2025-26,L2T2,2025063474
2406053,6,2025-26,L2T2,2025063474
2407029,7,2025-26,L2T2,2023071728
2407037,7,2025-26,L2T2,2023071728
2407042,7,2025-26,L2T2,2023071728
2407052,7,2025-26,L2T2,2023071728
2408028,8,2025-26,L2T2,2017081474
2408031,8,2025-26,L2T2,2017081474
2408040,8,2025-26,L2T2,2017081474
2408049,8,2025-26,L2T2,2017081474
2408060,8,2025-26,L2T2,2017081474
2409021,9,2025-26,L2T2,2020099983
2409030,9,2025-26,L2T2,2020099983
2409039,9,2025-26,L2T2,2020099983
2409046,9,2025-26,L2T2,2020099983
2409055,9,2025-26,L2T2,2020099983
2410026,10,2025-26,L2T2,2020106203
2410031,10,2025-26,L2T2,2020106203
2410040,10,2025-26,L2T2,2020106203
2410049,10,2025-26,L2T2,2020106203
2410058,10,2025-26,L2T2,2020106203
2411023,11,2025-26,L2T2,2023111860
2411038,11,2025-26,L2T2,2023111860
2411046,11,2025-26,L2T2,2023111860
2411055,11,2025-26,L2T2,2023111860
2412025,12,2025-26,L2T2,2020125390
2412036,12,2025-26,L2T2,2020125390
2412043,12,2025-26,L2T2,2020125390
2412051,12,2025-26,L2T2,2020125390
2412060,12,2025-26,L2T2,2020125390
2401028,1,2025-26,L2T2,2022014753
2401060,1,2025-26,L2T2,2022014753
2402022,2,2025-26,L2T2,2020022299
2402037,2,2025-26,L2T2,2020022299
2402044,2,2025-26,L2T2,2020022299
2402053,2,2025-26,L2T2,2020022299
2403028,3,2025-26,L2T2,2023033311
2403034,3,2025-26,L2T2,2023033311
2403045,3,2025-26,L2T2,2023033311
2403053,3,2025-26,L2T2,2023033311
2404029,4,2025-26,L2T2,2016041148
2404032,4,2025-26,L2T2,2016041148
2404041,4,2025-26,L2T2,2016041148
2404052,4,2025-26,L2T2,2016041148
2405029,5,2025-26,L2T2,2011058460
2405033,5,2025-26,L2T2,2011058460
2405040,5,2025-26,L2T2,2011058460
2405045,5,2025-26,L2T2,2011058460
2405053,5,2025-26,L2T2,2011058460
2406028,6,2025-26,L2T2,2025063474
2406037,6,2025-26,L2T2,2025063474
2406045,6,2025-26,L2T2,2025063474
2406054,6,2025-26,L2T2,2025063474
2407027,7,2025-26,L2T2,2023071728
2407039,7,2025-26,L2T2,2023071728
2407048,7,2025-26,L2T2,2023071728
2407057,7,2025-26,L2T2,2023071728
2408025,8,2025-26,L2T2,2017081474
2408032,8,2025-26,L2T2,2017081474
2408042,8,2025-26,L2T2,2017081474
2408051,8,2025-26,L2T2,2017081474
2409029,9,2025-26,L2T2,2020099983
2409032,9,2025-26,L2T2,2020099983
2409040,9,2025-26,L2T2,2020099983
2409051,9,2025-26,L2T2,2020099983
2409057,9,2025-26,L2T2,2020099983
2410024,10,2025-26,L2T2,2020106203
2410035,10,2025-26,L2T2,2020106203
2410045,10,2025-26,L2T2,2020106203
2410051,10,2025-26,L2T2,2020106203
2410060,10,2025-26,L2T2,2020106203
2411021,11,2025-26,L2T2,2023111860
2411037,11,2025-26,L2T2,2023111860
2411048,11,2025-26,L2T2,2023111860
2411057,11,2025-26,L2T2,2023111860
2412024,12,2025-26,L2T2,2020125390
2412033,12,2025-26,L2T2,2020125390
2412041,12,2025-26,L2T2,2020125390
2412048,12,2025-26,L2T2,2020125390
2412059,12,2025-26,L2T2,2020125390
2401029,1,2025-26,L2T2,2022014753
2402021,2,2025-26,L2T2,2020022299
2402036,2,2025-26,L2T2,2020022299
2402046,2,2025-26,L2T2,2020022299
2402054,2,2025-26,L2T2,2020022299
2403027,3,2025-26,L2T2,2023033311
2403032,3,2025-26,L2T2,2023033311
2403042,3,2025-26,L2T2,2023033311
2403051,3,2025-26,L2T2,2023033311
2403060,3,2025-26,L2T2,2023033311
2404021,4,2025-26,L2T2,2016041148
2404038,4,2025-26,L2T2,2016041148
2404047,4,2025-26,L2T2,2016041148
2404057,4,2025-26,L2T2,2016041148
2405024,5,2025-26,L2T2,2011058460
2405038,5,2025-26,L2T2,2011058460
2405048,5,2025-26,L2T2,2011058460
2405060,5,2025-26,L2T2,2011058460
2406021,6,2025-26,L2T2,2025063474
2406032,6,2025-26,L2T2,2025063474
2406042,6,2025-26,L2T2,2025063474
2406052,6,2025-26,L2T2,2025063474
2407028,7,2025-26,L2T2,2023071728
2407041,7,2025-26,L2T2,2023071728
2407056,7,2025-26,L2T2,2023071728
2408024,8,2025-26,L2T2,2017081474
2408033,8,2025-26,L2T2,2017081474
2408044,8,2025-26,L2T2,2017081474
2408055,8,2025-26,L2T2,2017081474
2409025,9,2025-26,L2T2,2020099983
2409033,9,2025-26,L2T2,2020099983
2409042,9,2025-26,L2T2,2020099983
2409048,9,2025-26,L2T2,2020099983
2409060,9,2025-26,L2T2,2020099983
2410023,10,2025-26,L2T2,2020106203
2410038,10,2025-26,L2T2,2020106203
2410048,10,2025-26,L2T2,2020106203
2410056,10,2025-26,L2T2,2020106203
2411024,11,2025-26,L2T2,2023111860
2411031,11,2025-26,L2T2,2023111860
2411040,11,2025-26,L2T2,2023111860
2411051,11,2025-26,L2T2,2023111860
2411059,11,2025-26,L2T2,2023111860
2412023,12,2025-26,L2T2,2020125390
2412039,12,2025-26,L2T2,2020125390
2412050,12,2025-26,L2T2,2020125390
2412056,12,2025-26,L2T2,2020125390
2212032,12,2025-26,L4T2,2020125390
2212055,12,2025-26,L4T2,2020125390
